-- phpMyAdmin SQL Dump
-- version 4.0.10deb1
-- http://www.phpmyadmin.net
--
-- Host: localhost
-- Generation Time: Jul 18, 2018 at 05:30 PM
-- Server version: 5.5.60-0ubuntu0.14.04.1
-- PHP Version: 5.5.9-1ubuntu4.25

SET SQL_MODE = "NO_AUTO_VALUE_ON_ZERO";
SET time_zone = "+00:00";


/*!40101 SET @OLD_CHARACTER_SET_CLIENT=@@CHARACTER_SET_CLIENT */;
/*!40101 SET @OLD_CHARACTER_SET_RESULTS=@@CHARACTER_SET_RESULTS */;
/*!40101 SET @OLD_COLLATION_CONNECTION=@@COLLATION_CONNECTION */;
/*!40101 SET NAMES utf8 */;

--
-- Database: `callation_db`
--

-- --------------------------------------------------------

--
-- Table structure for table `admin`
--

CREATE TABLE IF NOT EXISTS `admin` (
  `id` int(11) NOT NULL AUTO_INCREMENT,
  `fullname` varchar(500) NOT NULL,
  `lastname` varchar(500) NOT NULL,
  `admin_email` varchar(500) NOT NULL,
  `password` varchar(500) NOT NULL,
  `creation_date` timestamp NOT NULL DEFAULT CURRENT_TIMESTAMP,
  PRIMARY KEY (`id`)
) ENGINE=InnoDB  DEFAULT CHARSET=latin1 AUTO_INCREMENT=2 ;

--
-- Dumping data for table `admin`
--

INSERT INTO `admin` (`id`, `fullname`, `lastname`, `admin_email`, `password`, `creation_date`) VALUES
(1, 'admin', '', 'admin@gmail.com', '3e7bf1383bcdd338f3d837f3dc948f80', '2017-06-29 10:11:36');

-- --------------------------------------------------------

--
-- Table structure for table `tbl_configure`
--

CREATE TABLE IF NOT EXISTS `tbl_configure` (
  `id` int(11) NOT NULL AUTO_INCREMENT,
  `title` varchar(500) NOT NULL,
  `title1` varchar(500) NOT NULL,
  `title2` varchar(500) NOT NULL,
  `title3` varchar(500) NOT NULL,
  `image` varchar(500) NOT NULL,
  `date_created` datetime NOT NULL,
  PRIMARY KEY (`id`)
) ENGINE=InnoDB  DEFAULT CHARSET=latin1 AUTO_INCREMENT=3 ;

--
-- Dumping data for table `tbl_configure`
--

INSERT INTO `tbl_configure` (`id`, `title`, `title1`, `title2`, `title3`, `image`, `date_created`) VALUES
(2, 'sd', 'dd', 'aa', 'dd', '', '2017-07-01 10:51:47');

-- --------------------------------------------------------

--
-- Table structure for table `tbl_invoises`
--

CREATE TABLE IF NOT EXISTS `tbl_invoises` (
  `id` int(11) NOT NULL AUTO_INCREMENT,
  `invoisesName` varchar(250) NOT NULL,
  `image` varchar(250) NOT NULL,
  `categoryType` int(11) NOT NULL COMMENT '1-distnace,2-hourly',
  `date_created` datetime NOT NULL,
  PRIMARY KEY (`id`)
) ENGINE=InnoDB  DEFAULT CHARSET=latin1 AUTO_INCREMENT=63 ;

--
-- Dumping data for table `tbl_invoises`
--

INSERT INTO `tbl_invoises` (`id`, `invoisesName`, `image`, `categoryType`, `date_created`) VALUES
(2, 'osvin', 'http://www.osvin.com/blog/wp-content/uploads/2014/12/Web-Design-and-Development-INDIA-OSVIN.jpg', 2, '2017-06-29 17:53:40'),
(3, 'osvin', 'https://www.names.org/name-poster/Osvin-t3c7efc4a2857a1cee4c209df33fad0d119905e83bbdafbe8d2658930026e549ak-lq.png', 1, '2017-05-13 10:38:50'),
(4, 'osvin', 'http://www.ncrcities.com/media/listing/orignal/119777-osvin-web-solutions.jpg', 2, '2017-05-13 10:39:15'),
(5, 'osvin', 'http://www.ncrcities.com/media/listing/orignal/119777-osvin-web-solutions.jpg', 1, '2017-05-13 10:39:58'),
(6, 'osvin', 'http://www.ncrcities.com/media/listing/orignal/119777-osvin-web-solutions.jpg', 2, '2017-05-13 10:40:23'),
(35, 'osvin', 'http://www.ncrcities.com/media/listing/orignal/119777-osvin-web-solutions.jpg', 1, '2017-05-22 09:22:43'),
(54, 'osvin', 'http://www.ncrcities.com/media/listing/orignal/119777-osvin-web-solutions.jpg', 2, '2017-06-21 05:01:31'),
(55, 'osvin', 'http://www.ncrcities.com/media/listing/orignal/119777-osvin-web-solutions.jpg', 2, '2017-06-23 17:11:30'),
(57, 'osvin', 'http://www.ncrcities.com/media/listing/orignal/119777-osvin-web-solutions.jpg', 1, '2017-06-29 06:45:12'),
(59, 'rtssfh', 'http://phphosting.osvin.net/callation/Public/img/uploaded/Osvin-gg-lq.png', 2, '2017-06-29 17:53:57'),
(60, 'hgd', 'http://phphosting.osvin.net/callation/Public/img/uploaded/Osvin-gg-lq4.png', 1, '2017-06-30 10:46:27'),
(61, 'hgd', 'http://phphosting.osvin.net/callation/Public/img/uploaded/Osvin-gg-lq5.png', 1, '2017-06-30 10:46:37'),
(62, 'janwar', 'http://phphosting.osvin.net/callation/Public/img/uploaded/Osvin-gg-lq6.png', 1, '2017-06-30 10:46:50');

-- --------------------------------------------------------

--
-- Table structure for table `tbl_login`
--

CREATE TABLE IF NOT EXISTS `tbl_login` (
  `id` int(11) NOT NULL AUTO_INCREMENT,
  `user_id` int(11) NOT NULL,
  `device_id` int(11) NOT NULL COMMENT '0-android,1-iphone',
  `unique_device_id` text NOT NULL,
  `token_id` text NOT NULL,
  `latitude` varchar(100) NOT NULL,
  `longitude` varchar(100) NOT NULL,
  `status` int(11) NOT NULL COMMENT '0-disables,1-enabled',
  `date_created` datetime NOT NULL,
  PRIMARY KEY (`id`)
) ENGINE=InnoDB  DEFAULT CHARSET=latin1 AUTO_INCREMENT=1010 ;

--
-- Dumping data for table `tbl_login`
--

INSERT INTO `tbl_login` (`id`, `user_id`, `device_id`, `unique_device_id`, `token_id`, `latitude`, `longitude`, `status`, `date_created`) VALUES
(124, 1, 0, '7a40dfc0f1bdd4da', 'casLy0iPOw4:APA91bGd5fGT13EPOAc1L89Uibjoenj7HB5iHqRbsfhrQFPfpOO82cCtzyRvh9B7ZXfAYAPeGCd3UMtKPJ9LNgMMuyLB8llub3WB5qqo5TO3RgR5ce4-vt2mBhtTS2VkF2AjOEoW3anv', '', '', 0, '0000-00-00 00:00:00'),
(125, 1, 0, 'f57c344de2c81a24', 'dKvxZsGNQvA:APA91bEB-B0pFzE7wLaHDlpcCx9-9iO8wGnJtbMaW6cL_1aYv2qCDeJxlXDTyuk6SqtgcmeS3mHkuGrvPo9KP7keu6n5fqttN5NsCCYLE9gBZlw02QDFQRE_LZK3rQR962kBA_-SiOIs', '', '', 0, '0000-00-00 00:00:00'),
(170, 1, 0, '7a40dfc0f1bdd4da', 'fzqYlB63dgY:APA91bEstS0G4qEEvOYDAu0Ofq4yK0y405AmJbmkVWCfpxzRanZyzyO2HIgWkvUU3LVwDM_RJq7YNL5zYgZY6mSj995z-14KPiTZW4ETvZY69VGOxqdj1dG1ks_gqhiAAMP9F5NAWggR', '', '', 0, '0000-00-00 00:00:00'),
(171, 1, 0, 'f57c344de2c81a24', 'fEs7vhZ7goI:APA91bHr7KzrnjFyO6yMnZuQ5O1YxaMEdLoyPSfZuAFVYouL7C1AGpkJufnIipG-BkfOiFGjOPEJc54akxfc5sxWxAUimWNWZ2_VMYyCDEyKPjAVoNlMVhd41AgcEI7XnITv5TS8Ut7A', '', '', 0, '0000-00-00 00:00:00'),
(174, 1, 1, '63267619-4AC7-4B27-8A8B-673CEFBD94BE', '7a13a8845296c12187e19f2f48709ebfd84e1f2b72bd09d321d1305fc6cf5365', '', '', 0, '0000-00-00 00:00:00'),
(175, 1, 1, '61D870A8-5E30-4178-AE8E-FD61D3B0C956', '024229c4af79e96099f7a8425fd7c94bb64f7ab192ee15c51f8819eafc7ac3f7', '', '', 0, '0000-00-00 00:00:00'),
(184, 1, 0, '7a40dfc0f1bdd4da', 'cH-MN-kxGSc:APA91bFowpuXAAelg0l-RLPf-kVRf0Dd9awtbO1ZVDPw6ZmuPsZBRvY6-y4ohVfqMXeTdl-UtE2ZQ2Ie93ojlXghiDOHFBwYwj9zlqUU0kOtVGKfzzXX23ASYwUPQOLOmuK7hCq9OJlM', '', '', 0, '0000-00-00 00:00:00'),
(221, 1, 1, 'FB2064F5-F460-4A5B-9B06-7BA49C7AE57D', '60d1ab788fca7c9ef00129995f14224be845a5455312985e8c34e0e4e4053727', '', '', 0, '0000-00-00 00:00:00'),
(222, 1, 1, '0CC4F09A-5F06-4515-974A-C067B7AA4339', '134aa86565425557ea85dc5d97200726015474b2a330fe2e3bc048280fa84f0e', '', '', 0, '0000-00-00 00:00:00'),
(223, 1, 0, '7a40dfc0f1bdd4da', 'c_xC4KG6Bso:APA91bGkXkZ_hwbm5Tr9OqqEc87j0z6qdLKfgH5F1OLeV2faRpI42LuMOBMO4sCkdv-I_rkQaEWX65pMDF8biJKeHgSKZwgqlFck8NI2q5P2nYPXkjXzhAcQf1I7i2xHWL7X3AM-hF7f', '', '', 0, '0000-00-00 00:00:00'),
(230, 1, 0, '7a40dfc0f1bdd4da', 'dgyDiPx6Rus:APA91bHrgM4LqqMCWegTx3PcLHViKUW2etXb6oixc0jVknqGy62GhJlnYC9V0gvaQ5G5VIRmJK6WT7ZQQCVYfkiAUA1h8ClKY2wBGRlXvoqhv3kxRtVEa785lJp8hRDTl_yfmgJAr9Mv', '', '', 0, '0000-00-00 00:00:00'),
(232, 1, 0, '6e0d37e6e2784ba7', 'czVYVE1lebI:APA91bGPLnkEA6eOp30FYNBq1uB5HDviLOuRK9doDNNcVOKx-RV7BLqqH0BnDMNjsp853HEz0_M99eBzqqW9ZWI2sJlZDV75v-wvW7ojcvvYOz-J7y17mk7BpEn5ERhbUx3uIQyz03_N', '', '', 0, '0000-00-00 00:00:00'),
(662, 179, 0, '19038eb1db06c670', 'c5RH5FOwuvI:APA91bHD5PsUef53tWWdbE1DZDFZ-FPbOHo1BSsIITXLNnAOh29HjiDtIGG-oDFAOfwoObCj6ukCgQEAxp5VXev6um_970JMq6eLZJyEjBMpCa7KGx1MlckCDYNpxtS7JbUgHOhxt5Sk', '', '', 0, '2017-06-02 11:58:18'),
(663, 180, 0, '9d08386b2fbe3559', 'fh-wetFw9QA:APA91bEiq5r_d1GLMm27CLA21AP6GH1sJX4rNMfjX5vA_-JbYDsVjgWdflDfJ62I1zg7rR5EE24_yMA95by_LW3Q7CULBs4jYSviKgpgK06SC1BrR6rQTL45nd4fUVvpEB_19C9D9-Vd', '', '', 0, '0000-00-00 00:00:00'),
(664, 181, 0, 'a6588d74bf02faa2', 'fgbuYzd-Y-8:APA91bFw0r4wy8kQUX0qlpvbhFuRDueeWFrFZ2iEgmAJP4iyad3Xoo-NBl9SCcGL72_43KY8z_hoCUbDPTVkvk0LfFNH5HBpl30cOJCHEouBRIGHlB-fzIW-0KbsqxtWEnKNdLrv_0pJ', '', '', 0, '0000-00-00 00:00:00'),
(665, 180, 1, 'A38A8737-FE53-4962-8A10-EA7124586709', '5b2d301ad844f62083e60061e1a9a31f6b0fea206ba1874000532e2dc8f8cd31', '', '', 1, '0000-00-00 00:00:00'),
(666, 180, 1, 'AA3D44F1-D778-4D70-A232-6709745B830C', 'Not Available', '', '', 0, '0000-00-00 00:00:00'),
(667, 182, 1, 'AA3D44F1-D778-4D70-A232-6709745B830C', 'Not Available', '', '', 1, '2017-06-02 13:24:53'),
(669, 184, 0, '65525528744c0571', 'fkuPYGxtcHQ:APA91bH9rrOyYZApRVq_bC52FVp_5fAUVKrMTGXmPd2SySP8qOJmkziOdBrioAy-7IJKEclL-fKvTYgDmH0bzcoXhzOA_C4DZud9xFvFeIWc6XIN9xJsaKLHW6cLy5hjNDnBILX3w8ju', '', '', 0, '2017-06-02 13:42:56'),
(670, 185, 0, '7a40dfc0f1bdd4da', 'dGKFHh-h-oE:APA91bGwhDhQFPHBA1HNDOIZNOpexCmHJXGolTt81Z47Tyq4njdPdf-m2WFTSNc9y8b0A0yCMlcgvNCqajrVdC8bmibLHBVCPDs_bPFq0dYIjUJct-eNbJqXkxrqFkVwHBls3xV-Nw9E', '', '', 0, '2017-06-02 17:15:31'),
(671, 186, 0, 'f57c344de2c81a24', 'dkVHGPJIi-k:APA91bHpehLH9smlsKe1pU0DYqC4ocBuXYmWJ_UUKq88oioSdsXFMLFBA5jGqZMmXxpuHxQ8X-HC7PMOkzhitmgna1dT4lbwY0NINoEnm7aC7hnBHqXXUhQd-Ch-eA-zrW1chybXR4ba', '', '', 1, '0000-00-00 00:00:00'),
(672, 185, 1, 'D947EF37-F0B0-4D37-9B74-E147B82DD94F', '3f7a480666389ebfb1e16b89fdcbb689e31eafc75d4366d93225587a51d84959', '', '', 1, '0000-00-00 00:00:00'),
(673, 186, 1, '74B29CEC-425C-46D7-8C73-B0627E5A63CC', 'b80b50b726d530d27bd6e15bf19cccfdb4adc9c0bc1a9cecd19492bb1a2ff1d0', '', '', 1, '0000-00-00 00:00:00'),
(674, 187, 1, '4BF47586-4BE9-4978-B114-4483142E7E0F', '4e17e8d00c5df4b03e05dd8080f6e3312f14949ac7f506b36115a1d42365fb18', '', '', 1, '2017-06-05 04:35:47'),
(676, 179, 0, '19038eb1db06c670', 'c5RH5FOwuvI:APA91bHD5PsUef53tWWdbE1DZDFZ-FPbOHo1BSsIITXLNnAOh29HjiDtIGG-oDFAOfwoObCj6ukCgQEAxp5VXev6um_970JMq6eLZJyEjBMpCa7KGx1MlckCDYNpxtS7JbUgHOhxt5Sk', '', '', 0, '0000-00-00 00:00:00'),
(677, 180, 0, '9d08386b2fbe3559', 'fh-wetFw9QA:APA91bEiq5r_d1GLMm27CLA21AP6GH1sJX4rNMfjX5vA_-JbYDsVjgWdflDfJ62I1zg7rR5EE24_yMA95by_LW3Q7CULBs4jYSviKgpgK06SC1BrR6rQTL45nd4fUVvpEB_19C9D9-Vd', '', '', 0, '0000-00-00 00:00:00'),
(678, 179, 0, '6e0d37e6e2784ba7', 'fiy2Ap9l7-g:APA91bHnJY9kgRHfvsgz4qUZpvIUbm57bH25AL0cRHZDVMdwTVAq7NVsJF3sR-ZuruZzwdJ2VN6Z2PzTiE1xWDSYy1Z1p0p2fMsNIuGRTkUI-Q7_2d1kTGnhidtxtb0H85ALRsOnpdfn', '', '', 0, '0000-00-00 00:00:00'),
(679, 180, 1, '674B5C91-3773-4085-9595-295CB6BDCE6E', '00bf26d1510b4072344d70cdc352b947b1a7e50a3373a6196a07eae9981a1016', '', '', 0, '0000-00-00 00:00:00'),
(680, 179, 0, '65525528744c0571', 'fkuPYGxtcHQ:APA91bH9rrOyYZApRVq_bC52FVp_5fAUVKrMTGXmPd2SySP8qOJmkziOdBrioAy-7IJKEclL-fKvTYgDmH0bzcoXhzOA_C4DZud9xFvFeIWc6XIN9xJsaKLHW6cLy5hjNDnBILX3w8ju', '', '', 1, '0000-00-00 00:00:00'),
(681, 179, 1, '674B5C91-3773-4085-9595-295CB6BDCE6E', '545d35a3360037be67cef347262be9c7e0ad773b0301034a617e8887c2f4efbf', '', '', 0, '0000-00-00 00:00:00'),
(682, 180, 1, 'EE60F2BE-5222-4E5C-A383-188FF3AC50AF', 'Not Available', '', '', 0, '0000-00-00 00:00:00'),
(683, 181, 1, 'EE60F2BE-5222-4E5C-A383-188FF3AC50AF', 'Not Available', '', '', 0, '0000-00-00 00:00:00'),
(684, 179, 0, 'a6588d74bf02faa2', 'dtFGp_VLqMQ:APA91bFRP0HW6NuUr1JCA62hgyJnXCJNAV-TTOP1TL19Xqs4n6uBPl3f-xWHbW11lTVdVwr4bU4JNFtI9QeKUW_rm9NmvizSBPFMXqSj_CTS1vDhgAXm_nAh3c3Y7MYHspBS3nZRRDE-', '', '', 0, '0000-00-00 00:00:00'),
(685, 181, 1, '674B5C91-3773-4085-9595-295CB6BDCE6E', '00bf26d1510b4072344d70cdc352b947b1a7e50a3373a6196a07eae9981a1016', '', '', 1, '0000-00-00 00:00:00'),
(686, 181, 1, 'E9ACA036-7EBC-4B70-A001-5EF0236CDCB2', 'b19517ef285ed56a153034303236a0c63760056ae3f2b7e3f9a1ebcb0f246761', '', '', 1, '0000-00-00 00:00:00'),
(687, 179, 1, '2529D808-EBF9-418D-9BDB-622BD435DD7E', 'c43b3d5b6b08cdb683457fa6d2d6ffb3512920505bfb7bbebef8cf90274256b4', '', '', 1, '0000-00-00 00:00:00'),
(688, 181, 1, '55B9D657-B50D-4F3B-B1D2-FA92F8F5395A', '75d5d7ad3b2e06dd0d38faff41bed2285a9bfcfa4d49f8fd0bf51eec7e960a04', '', '', 1, '0000-00-00 00:00:00'),
(689, 182, 1, 'EE60F2BE-5222-4E5C-A383-188FF3AC50AF', 'Not Available', '', '', 0, '0000-00-00 00:00:00'),
(690, 179, 1, 'EE60F2BE-5222-4E5C-A383-188FF3AC50AF', 'Not Available', '', '', 1, '0000-00-00 00:00:00'),
(691, 181, 1, '20BB6976-9C68-434D-9584-67A3654CC4D2', '6944c53f31e11ae8dccecc0ae8de457fc0d04911693fd99b7e8b4a7874a2dca8', '', '', 0, '0000-00-00 00:00:00'),
(692, 181, 0, '6e0d37e6e2784ba7', 'cXXqWG_pVsY:APA91bFwcfZwynOd-ZB1Cv4y5ViEVFNG8d6ALl9Qu9UGwWO_Pt9NVNoqZ6RLy8IZC0xMe-g-acHI0IFu9ithQQt9IfmmK73g9nyhWGbBJsCIL9kQagLp_qC7IJGohkte-Kwc2OeVzSib', '', '', 0, '0000-00-00 00:00:00'),
(693, 179, 0, '19038eb1db06c670', 'c7lA6xjLPGw:APA91bGHWVlLf2h1Ai8-rwmu51r3qslloJ1FZqhIa_EEiuCOjfUbIdlnjmzWhc7tj_RBZ4Vs1WtjU9hn3Fnd94Z-j2jIx3QEXzUqxYQff5EeC0w5oeicvgpzaoVOx15OMAghG78BTv0m', '', '', 0, '0000-00-00 00:00:00'),
(694, 179, 0, '19038eb1db06c670', 'eFydBFWteKU:APA91bGbfkH8Oj2XmqsyAQnzvDFhhnTjHCmoHFapAOy38Q7dxORi8gDxkVaQyn9ImwgrnMJKh9-U7oDDGB2RolpP1opCY-2lpM0iaA1zfQB9xTysCiBXDCeKQUPV3oxBrlTOESwYH2rf', '', '', 0, '0000-00-00 00:00:00'),
(695, 179, 0, '19038eb1db06c670', 'fmftpE9yX0E:APA91bH1tQgWbnxfQVuT54wWxkylE_faOpgD__K6RCzmewYKLMVsgtlHhP3VIlxAk4YGbnsO1WknDalqQR0aa99SDTBZR49ivywyePVbiMFlvvck3I1HlsxilX40r_IuxbJhER2yjZ2h', '', '', 0, '0000-00-00 00:00:00'),
(696, 179, 0, '19038eb1db06c670', 'ekjp5mZmkLE:APA91bEAdA5rHQMzhE9tFsMA2tZRBzO0trjmm2DiEvVGSU6ziVc1Mb0mK01frXU-oY5z1gjQEdh_MRI4wgdtOXRo7sa6AK9dfwMfHYIMhF1QJC8BpC6jkLVkqjHYWfj8ShEjuH_knSPh', '', '', 0, '0000-00-00 00:00:00'),
(697, 187, 1, '20BB6976-9C68-434D-9584-67A3654CC4D2', 'eb040e94bd4b0ca02b4c6f1bcd96cfef57ac41577798c8ac0bda04adf17845d2', '', '', 0, '0000-00-00 00:00:00'),
(698, 182, 1, '7B995594-6964-4BDA-8C90-F9797D565C64', 'Not Available', '', '', 0, '0000-00-00 00:00:00'),
(699, 181, 1, '7B995594-6964-4BDA-8C90-F9797D565C64', 'Not Available', '', '', 0, '0000-00-00 00:00:00'),
(700, 180, 1, '20BB6976-9C68-434D-9584-67A3654CC4D2', '6944c53f31e11ae8dccecc0ae8de457fc0d04911693fd99b7e8b4a7874a2dca8', '', '', 1, '0000-00-00 00:00:00'),
(701, 180, 1, '1BD47EF7-2A0D-4C81-80F1-A59B07577685', '40281b361528e25493c2dba3071d44e0dc31666fd1517de526565289000b3a56', '', '', 0, '0000-00-00 00:00:00'),
(702, 180, 0, '19038eb1db06c670', 'fnhXUFneQzo:APA91bErzF42yfp3JTt7fzdg4D8hrhx_le0mde05Qf_T8LCJGTi3rGQn2im5ZdOzySOgNbZtfrlAIRvWCHrxtuwow1KhA6nSyPB_dbCKTdChx_rbUr4qkiTVAfoFWxWxdcC2o3U-hNNe', '', '', 0, '0000-00-00 00:00:00'),
(703, 179, 0, '6e0d37e6e2784ba7', 'fiy2Ap9l7-g:APA91bHnJY9kgRHfvsgz4qUZpvIUbm57bH25AL0cRHZDVMdwTVAq7NVsJF3sR-ZuruZzwdJ2VN6Z2PzTiE1xWDSYy1Z1p0p2fMsNIuGRTkUI-Q7_2d1kTGnhidtxtb0H85ALRsOnpdfn', '', '', 0, '0000-00-00 00:00:00'),
(704, 179, 0, '6e0d37e6e2784ba7', 'cLv6d93ePjA:APA91bHgwC6RCeR-2C2ExDlDrLit00tAUg7Q4X1CqDV0exNOJjg7IJpU5qqF8qsQfQb_BrqdbQUVlhCjxaM9myuUwholDICDLe9EN4FNyx8PcDzxtezm9vycxuCyDFNITGE2XXU7eAOO', '', '', 0, '0000-00-00 00:00:00'),
(705, 181, 0, '19038eb1db06c670', 'fnhXUFneQzo:APA91bErzF42yfp3JTt7fzdg4D8hrhx_le0mde05Qf_T8LCJGTi3rGQn2im5ZdOzySOgNbZtfrlAIRvWCHrxtuwow1KhA6nSyPB_dbCKTdChx_rbUr4qkiTVAfoFWxWxdcC2o3U-hNNe', '', '', 0, '0000-00-00 00:00:00'),
(706, 180, 0, '19038eb1db06c670', 'fnhXUFneQzo:APA91bErzF42yfp3JTt7fzdg4D8hrhx_le0mde05Qf_T8LCJGTi3rGQn2im5ZdOzySOgNbZtfrlAIRvWCHrxtuwow1KhA6nSyPB_dbCKTdChx_rbUr4qkiTVAfoFWxWxdcC2o3U-hNNe', '', '', 0, '0000-00-00 00:00:00'),
(707, 181, 0, '19038eb1db06c670', 'fnhXUFneQzo:APA91bErzF42yfp3JTt7fzdg4D8hrhx_le0mde05Qf_T8LCJGTi3rGQn2im5ZdOzySOgNbZtfrlAIRvWCHrxtuwow1KhA6nSyPB_dbCKTdChx_rbUr4qkiTVAfoFWxWxdcC2o3U-hNNe', '', '', 0, '0000-00-00 00:00:00'),
(708, 179, 0, 'e272a403234e5773', 'eQImyijp0qE:APA91bFkraqc01pFw-gGHdCOuBO6Lcniv-7-Srek069VZZ9RPRVkhBQYOvQmHZ5UBAgCKyMd6im_qnJ41_RBTMnI_WIr4Y15rw_0kPOI9CTjpACgt-aYOqMaE7niv7yxbPpDRuU6W3lt', '', '', 0, '0000-00-00 00:00:00'),
(709, 185, 0, '7a40dfc0f1bdd4da', 'f_FG0NtqfSo:APA91bHyjWVLhN-WQ7qyu5YO9hU79kTeXxSRIumkXrRZ_-4mt_SqZtpu2QrRErX1Rwxm223qrgpruCItEKe9eCN2-z9COfnl17JsH_uWZ6tn4JzNJnlEXSF6QIJF8j51nw9-YA_BlkmN', '', '', 0, '0000-00-00 00:00:00'),
(710, 180, 1, 'D54D52F8-E5A5-4E54-BF8F-2E093F964305', 'Not Available', '', '', 0, '0000-00-00 00:00:00'),
(712, 180, 1, 'FA148A8C-CFC3-474D-9928-00368938AF9B', '5220a1b0f5a96c32d0573e3f84711126b403d258f87c23c654f6eed5726b0e1c', '', '', 0, '0000-00-00 00:00:00'),
(713, 179, 1, 'FA148A8C-CFC3-474D-9928-00368938AF9B', '4fec49f130636aa1ce6bf75eae60281c9a98975f53c2be558dca8ce56ad35871', '', '', 1, '0000-00-00 00:00:00'),
(714, 179, 0, 'e272a403234e5773', 'eQImyijp0qE:APA91bFkraqc01pFw-gGHdCOuBO6Lcniv-7-Srek069VZZ9RPRVkhBQYOvQmHZ5UBAgCKyMd6im_qnJ41_RBTMnI_WIr4Y15rw_0kPOI9CTjpACgt-aYOqMaE7niv7yxbPpDRuU6W3lt', '', '', 0, '0000-00-00 00:00:00'),
(716, 179, 1, 'ECD03A94-5C93-47E9-9B56-BF547069DCE3', '01fe79c71164217bfd2b024ccc060798f2ac9e561d58fce9c1cc35ad91618b67', '', '', 1, '0000-00-00 00:00:00'),
(718, 180, 1, '79F61603-4364-47F8-9A05-C0DC59C76033', 'bbea3f1b4dc754a7d5de5199cb8a0b471b4d5f70dce5236b3b61c9d5afdf2012', '', '', 1, '0000-00-00 00:00:00'),
(719, 185, 1, '72C3AC9B-E13A-40F1-B662-A65AB3D053D2', '03bfd1d8bd568fb87b4f8f4bcb7896575f82424bf7a01306b6ae28cec9090928', '', '', 1, '0000-00-00 00:00:00'),
(720, 186, 1, 'F12DD89B-66E2-422D-8385-CC8496340CB8', '9c372f220a6f86c08e335496345fb6a365e20a48daeeb5c775965657e4764545', '', '', 1, '0000-00-00 00:00:00'),
(721, 179, 0, '19038eb1db06c670', 'd_zEy5tDboA:APA91bFWZCtREo-Tkkj0-3sZo1BD2lTaP5oXtsDF3X52qguvYCtZEDKuCQQEr--njHeQTYOOF5VQw3XSRF571N3AYIT66o1kTUCgWKgPC5wx614TXMOBCmQPUcEiR1Rf8a7O9eB_OTFF', '', '', 0, '0000-00-00 00:00:00'),
(722, 180, 0, 'f9fb62e700e8f0c0', 'e_trAEGnKl8:APA91bEn6thcEKu40QQAHyHOdt2Z6uEfJ0gQWCg7EmDkchkoEb_vJQpXKFeQR_ZSWsG8qeFINUm4a8Z4CeM0ToUEJfLM-H_id2x2HSJk8CfMPZG-MQLIQrx9HPGk-PK7e8Zt73n8J7B7', '', '', 0, '0000-00-00 00:00:00'),
(723, 179, 1, 'D54D52F8-E5A5-4E54-BF8F-2E093F964305', 'Not Available', '', '', 0, '0000-00-00 00:00:00'),
(724, 179, 0, '19038eb1db06c670', 'd_zEy5tDboA:APA91bFWZCtREo-Tkkj0-3sZo1BD2lTaP5oXtsDF3X52qguvYCtZEDKuCQQEr--njHeQTYOOF5VQw3XSRF571N3AYIT66o1kTUCgWKgPC5wx614TXMOBCmQPUcEiR1Rf8a7O9eB_OTFF', '', '', 0, '0000-00-00 00:00:00'),
(725, 180, 0, '9d08386b2fbe3559', 'eq8xSUFo9-k:APA91bFYykT7VP2MiXBp16qJIHtyzRRqxSMRnQxGhpPXLMUW-wQvB2KiZx0uZ5pWna0rCINBGTxgnlgl8kjRmcFCqSwY3Qym2UMTg5ITMdLIE-xV5hnLytGAsSTQaiVkEUca0bIr3iU8', '', '', 0, '0000-00-00 00:00:00'),
(726, 179, 0, '19038eb1db06c670', 'd_zEy5tDboA:APA91bFWZCtREo-Tkkj0-3sZo1BD2lTaP5oXtsDF3X52qguvYCtZEDKuCQQEr--njHeQTYOOF5VQw3XSRF571N3AYIT66o1kTUCgWKgPC5wx614TXMOBCmQPUcEiR1Rf8a7O9eB_OTFF', '', '', 0, '0000-00-00 00:00:00'),
(738, 179, 1, '007FF71D-BC0C-445D-AFA8-143C451D0834', '22e4126d60c3dc0e8176a919fc4accb773281af13ccfc48b8ff0e5bc4e28e9e3', '', '', 0, '0000-00-00 00:00:00'),
(739, 179, 0, '19038eb1db06c670', 'd_zEy5tDboA:APA91bFWZCtREo-Tkkj0-3sZo1BD2lTaP5oXtsDF3X52qguvYCtZEDKuCQQEr--njHeQTYOOF5VQw3XSRF571N3AYIT66o1kTUCgWKgPC5wx614TXMOBCmQPUcEiR1Rf8a7O9eB_OTFF', '', '', 0, '0000-00-00 00:00:00'),
(742, 179, 0, '19038eb1db06c670', 'd_zEy5tDboA:APA91bFWZCtREo-Tkkj0-3sZo1BD2lTaP5oXtsDF3X52qguvYCtZEDKuCQQEr--njHeQTYOOF5VQw3XSRF571N3AYIT66o1kTUCgWKgPC5wx614TXMOBCmQPUcEiR1Rf8a7O9eB_OTFF', '', '', 0, '0000-00-00 00:00:00'),
(746, 179, 0, 'e272a403234e5773', 'eQImyijp0qE:APA91bFkraqc01pFw-gGHdCOuBO6Lcniv-7-Srek069VZZ9RPRVkhBQYOvQmHZ5UBAgCKyMd6im_qnJ41_RBTMnI_WIr4Y15rw_0kPOI9CTjpACgt-aYOqMaE7niv7yxbPpDRuU6W3lt', '', '', 0, '0000-00-00 00:00:00'),
(752, 179, 0, '773dd0bafc339c3c', 'dWvaV7RIFxQ:APA91bF5YpK_-8Ekv06H4Pl6PZavtSxbbkY9lBZG9k2SMOXxkPJb_xGuqFE7gHzJwRwQSy5FhyGHvrcxTrR39QIE4E1ykpAt7fF1H57X4BIVeZJISk81RVXup3-C40kmmeIPgESU7lBx', '', '', 0, '0000-00-00 00:00:00'),
(753, 179, 0, '773dd0bafc339c3c', 'f9B4E6348_I:APA91bGJR0ePPXTN9wnt27gLuQ6--4IN-IR-0LfSImZgE4VveFHn9NfI2SByzK6qes8hJ5SuDX-eJoN4im3mX3Rby8AzEMDJ_kGwXGXwXWQ3bF7gOEvm6esUpQH9yweskZRvKVyBTv2q', '', '', 0, '0000-00-00 00:00:00'),
(758, 179, 1, '453B9580-1EA1-4904-ACAF-9B0F722B9806', 'aa93e094c719ab2ce181cf89efaacaed96eba2315f789979116ba8316910ac84', '', '', 0, '0000-00-00 00:00:00'),
(784, 179, 0, '19038eb1db06c670', 'd_zEy5tDboA:APA91bFWZCtREo-Tkkj0-3sZo1BD2lTaP5oXtsDF3X52qguvYCtZEDKuCQQEr--njHeQTYOOF5VQw3XSRF571N3AYIT66o1kTUCgWKgPC5wx614TXMOBCmQPUcEiR1Rf8a7O9eB_OTFF', '', '', 0, '0000-00-00 00:00:00'),
(785, 179, 0, '19038eb1db06c670', 'd_zEy5tDboA:APA91bFWZCtREo-Tkkj0-3sZo1BD2lTaP5oXtsDF3X52qguvYCtZEDKuCQQEr--njHeQTYOOF5VQw3XSRF571N3AYIT66o1kTUCgWKgPC5wx614TXMOBCmQPUcEiR1Rf8a7O9eB_OTFF', '', '', 0, '0000-00-00 00:00:00'),
(786, 179, 0, '19038eb1db06c670', 'c082aIcjNZ0:APA91bHcmCH4RrY0BiwCyKBnbuEopuP45WKKCn_oDrbC55Donv2bn4TVGEjaXiXyu1AnWY1I-HL7mXP1B0y0Ly9fjjCs43ev-wB9w4FVf3IQbBCOjazlYAcVyK2Pk75eRaX7RJp8wrLx', '', '', 0, '0000-00-00 00:00:00'),
(787, 187, 1, 'F029BB3E-DDE8-4BC4-9004-C7CAD1E1E469', '9d4a8b81d16dcd589ec71529d85100c9e9d1133c42613bfad444ea1bc88329c0', '', '', 0, '0000-00-00 00:00:00'),
(794, 180, 0, '9d08386b2fbe3559', 'eq8xSUFo9-k:APA91bFYykT7VP2MiXBp16qJIHtyzRRqxSMRnQxGhpPXLMUW-wQvB2KiZx0uZ5pWna0rCINBGTxgnlgl8kjRmcFCqSwY3Qym2UMTg5ITMdLIE-xV5hnLytGAsSTQaiVkEUca0bIr3iU8', '', '', 0, '0000-00-00 00:00:00'),
(797, 187, 1, '0A506959-97FE-4575-B277-7639D9DD9F6D', 'aafbb10ff77285b6073f4bfc4a90bfe0e557e3db689b752285d2ec716861c91f', '', '', 0, '0000-00-00 00:00:00'),
(799, 180, 1, '415449A7-FDFB-4348-95FE-BCD19EAA1306', '09e7220d1424f6754d224cd354fd46c8db6d144cf7e10286e5a01616c0bd9148', '', '', 0, '0000-00-00 00:00:00'),
(801, 179, 1, '0A506959-97FE-4575-B277-7639D9DD9F6D', 'aafbb10ff77285b6073f4bfc4a90bfe0e557e3db689b752285d2ec716861c91f', '', '', 0, '0000-00-00 00:00:00'),
(802, 180, 0, '9d08386b2fbe3559', 'eq8xSUFo9-k:APA91bFYykT7VP2MiXBp16qJIHtyzRRqxSMRnQxGhpPXLMUW-wQvB2KiZx0uZ5pWna0rCINBGTxgnlgl8kjRmcFCqSwY3Qym2UMTg5ITMdLIE-xV5hnLytGAsSTQaiVkEUca0bIr3iU8', '', '', 0, '0000-00-00 00:00:00'),
(803, 179, 0, 'a6588d74bf02faa2', 'dGhuDfuFqB0:APA91bF8Yv3F0JwbWRW4K7DWT4J5cMm0AmkcvoHsuyXOX1LMvIEI9aqD-VeTm__9RJ7ZVLL_J2o12aOZnt88M0T-MuradcY1iKTNozeamlF7aM358FLwo1T3ReocYEIW_stFtWW7jMZm', '', '', 0, '0000-00-00 00:00:00'),
(804, 179, 1, '415449A7-FDFB-4348-95FE-BCD19EAA1306', '4a1060316ffcd3cb36eee8a699a3065bd84ced943b1946b3ca5117ad949aa9ac', '', '', 0, '0000-00-00 00:00:00'),
(805, 180, 1, '0A506959-97FE-4575-B277-7639D9DD9F6D', '2dfc3f757428ddea7c9520125753ff34ccfa850576fbd406175bbd8fe8bc5972', '', '', 0, '0000-00-00 00:00:00'),
(810, 240, 1, '0A506959-97FE-4575-B277-7639D9DD9F6D', 'aafbb10ff77285b6073f4bfc4a90bfe0e557e3db689b752285d2ec716861c91f', '', '', 0, '2017-06-19 13:06:48'),
(815, 180, 1, '415449A7-FDFB-4348-95FE-BCD19EAA1306', 'bb98e49680660da695a1053d1731e886b7a96ac95be93f3064c38a8d47b403f1', '', '', 0, '0000-00-00 00:00:00'),
(816, 179, 1, '415449A7-FDFB-4348-95FE-BCD19EAA1306', '87d2ab1ad7e727677ad12b3999435c0d4fd533e448e9aebd6013e90096f384e5', '', '', 0, '0000-00-00 00:00:00'),
(822, 179, 1, 'D54D52F8-E5A5-4E54-BF8F-2E093F964305', 'Not Available', '', '', 0, '0000-00-00 00:00:00'),
(823, 180, 1, 'D78AFDCF-757E-44F0-AFF4-5C0BFBE53E6F', 'af6afaacf56d83e246778008696dddde13d904024ee939354730f4a177ebb415', '', '', 1, '0000-00-00 00:00:00'),
(824, 248, 1, 'D54D52F8-E5A5-4E54-BF8F-2E093F964305', 'Not Available', '', '', 0, '2017-06-20 08:58:26'),
(826, 180, 1, '415449A7-FDFB-4348-95FE-BCD19EAA1306', 'bb98e49680660da695a1053d1731e886b7a96ac95be93f3064c38a8d47b403f1', '', '', 1, '0000-00-00 00:00:00'),
(827, 179, 0, 'a6588d74bf02faa2', 'dGhuDfuFqB0:APA91bF8Yv3F0JwbWRW4K7DWT4J5cMm0AmkcvoHsuyXOX1LMvIEI9aqD-VeTm__9RJ7ZVLL_J2o12aOZnt88M0T-MuradcY1iKTNozeamlF7aM358FLwo1T3ReocYEIW_stFtWW7jMZm', '', '', 0, '0000-00-00 00:00:00'),
(829, 180, 1, '29DEF43F-34FC-4472-AF7E-4E54BF53DEC0', '41a918b609cc37976a707d04e60b8c0f7347049ec043e22b2f055cc9e41513b9', '', '', 0, '0000-00-00 00:00:00'),
(830, 179, 1, '29DEF43F-34FC-4472-AF7E-4E54BF53DEC0', '5d5decddc807f8f40f0fe87bb8b89fd2a3b80e7311756239a2210f604b91d92c', '', '', 0, '0000-00-00 00:00:00'),
(835, 180, 1, '29DEF43F-34FC-4472-AF7E-4E54BF53DEC0', 'b3bcedfa614eaac2f835e8511e74d19cac8832f20ad7b564a066e14db60f28d1', '', '', 1, '0000-00-00 00:00:00'),
(836, 180, 1, '6927052C-9A2C-4AAD-A412-D275FF0B402B', 'e800bb611127ed9af139978f5fb23a4d09ca292fd493abdcb4fa573a5ccac052', '', '', 1, '0000-00-00 00:00:00'),
(837, 179, 1, '4A04D711-2007-4F5E-AD19-2E155D225953', '54cdceee1d201b9f67476f339225b99c138015de7c493fe021a5bf82cebf0151', '', '', 0, '0000-00-00 00:00:00'),
(840, 182, 0, 'e272a403234e5773', 'd4vBfeg9QWQ:APA91bHLxDeGv9ngeVp-eapZOciw88Cl2gFGwQqSycDRYSdqbgn-KsHixKEvQteAJka5hM61lymzmOf9yxJkuZjRqLEOXcIl8OD4CD9Tx2EmwGdhzQ8TXZLSVpVlObV5aiqRKRL8Z4LR', '', '', 0, '0000-00-00 00:00:00'),
(841, 179, 0, '19038eb1db06c670', 'c082aIcjNZ0:APA91bHcmCH4RrY0BiwCyKBnbuEopuP45WKKCn_oDrbC55Donv2bn4TVGEjaXiXyu1AnWY1I-HL7mXP1B0y0Ly9fjjCs43ev-wB9w4FVf3IQbBCOjazlYAcVyK2Pk75eRaX7RJp8wrLx', '', '', 0, '0000-00-00 00:00:00'),
(842, 180, 0, '9d08386b2fbe3559', 'eq8xSUFo9-k:APA91bFYykT7VP2MiXBp16qJIHtyzRRqxSMRnQxGhpPXLMUW-wQvB2KiZx0uZ5pWna0rCINBGTxgnlgl8kjRmcFCqSwY3Qym2UMTg5ITMdLIE-xV5hnLytGAsSTQaiVkEUca0bIr3iU8', '', '', 0, '0000-00-00 00:00:00'),
(845, 179, 1, '4A04D711-2007-4F5E-AD19-2E155D225953', '54cdceee1d201b9f67476f339225b99c138015de7c493fe021a5bf82cebf0151', '', '', 1, '0000-00-00 00:00:00'),
(847, 179, 0, '19038eb1db06c670', 'c082aIcjNZ0:APA91bHcmCH4RrY0BiwCyKBnbuEopuP45WKKCn_oDrbC55Donv2bn4TVGEjaXiXyu1AnWY1I-HL7mXP1B0y0Ly9fjjCs43ev-wB9w4FVf3IQbBCOjazlYAcVyK2Pk75eRaX7RJp8wrLx', '', '', 0, '0000-00-00 00:00:00'),
(848, 179, 1, 'AB7E24B0-BD51-459B-A0DC-CDB6F83987B6', '2bead64816fd625be8af6c26dbe52ffe2d16bb523097d59df62da3e22aab8e5e', '', '', 1, '0000-00-00 00:00:00'),
(849, 180, 1, '2D8007F3-8079-4435-A584-2986D8C5EBB3', '40f265ecedacef0988685538b2ec1d04b34470e94dd7393eb562b62e47e0a61b', '', '', 0, '0000-00-00 00:00:00'),
(850, 180, 0, '19038eb1db06c670', 'e70smUInvjs:APA91bE8KoBNwS-BzepCz-JN3aXuXOfN56uezr7jlf76lvc_7Lx7hbbbBF9KevGp_JBsW_Qx1aq0ivuSRaWhwAB48QcMIDDPhNcwtNyfj15YV1dwoxZpiBoepjo0lJ9Jvu-xhYUVBs-F', '', '', 0, '0000-00-00 00:00:00'),
(851, 179, 1, 'D54D52F8-E5A5-4E54-BF8F-2E093F964305', 'Not Available', '', '', 0, '0000-00-00 00:00:00'),
(852, 180, 0, '19038eb1db06c670', 'e70smUInvjs:APA91bE8KoBNwS-BzepCz-JN3aXuXOfN56uezr7jlf76lvc_7Lx7hbbbBF9KevGp_JBsW_Qx1aq0ivuSRaWhwAB48QcMIDDPhNcwtNyfj15YV1dwoxZpiBoepjo0lJ9Jvu-xhYUVBs-F', '', '', 0, '0000-00-00 00:00:00'),
(853, 180, 0, '9d08386b2fbe3559', 'eq8xSUFo9-k:APA91bFYykT7VP2MiXBp16qJIHtyzRRqxSMRnQxGhpPXLMUW-wQvB2KiZx0uZ5pWna0rCINBGTxgnlgl8kjRmcFCqSwY3Qym2UMTg5ITMdLIE-xV5hnLytGAsSTQaiVkEUca0bIr3iU8', '', '', 0, '0000-00-00 00:00:00'),
(854, 179, 0, '19038eb1db06c670', 'crdXvIuJ9oI:APA91bH1sJIAVdeMmaIwBQ3GsYpNROhtlrn7jFRpUVvsJsxzs_9pDtepVL-C732RLg8WQnuIAmYMOz5DssSOUkV0En3AuB9EAtSd0CS8kXi9B7GDo96Ir-zMxJp36HSwWLNFv_FQY-93', '', '', 0, '0000-00-00 00:00:00'),
(855, 252, 1, '18CFB275-6C16-40DF-881B-E2226689A718', '526a2f5c072dd75f3c947a051d5d8b07a3fb8469a3b798869e86bdea5aed05d6', '', '', 0, '2017-06-21 05:29:31'),
(856, 250, 1, '2D8007F3-8079-4435-A584-2986D8C5EBB3', '40f265ecedacef0988685538b2ec1d04b34470e94dd7393eb562b62e47e0a61b', '', '', 0, '0000-00-00 00:00:00'),
(857, 251, 0, 'e272a403234e5773', 'd4vBfeg9QWQ:APA91bHLxDeGv9ngeVp-eapZOciw88Cl2gFGwQqSycDRYSdqbgn-KsHixKEvQteAJka5hM61lymzmOf9yxJkuZjRqLEOXcIl8OD4CD9Tx2EmwGdhzQ8TXZLSVpVlObV5aiqRKRL8Z4LR', '', '', 0, '0000-00-00 00:00:00'),
(858, 253, 1, 'D54D52F8-E5A5-4E54-BF8F-2E093F964305', 'Not Available', '', '', 0, '2017-06-21 05:52:40'),
(859, 179, 1, 'D54D52F8-E5A5-4E54-BF8F-2E093F964305', 'Not Available', '', '', 0, '0000-00-00 00:00:00'),
(860, 179, 1, 'D54D52F8-E5A5-4E54-BF8F-2E093F964305', 'Not Available', '', '', 0, '0000-00-00 00:00:00'),
(861, 180, 1, '2D8007F3-8079-4435-A584-2986D8C5EBB3', '40f265ecedacef0988685538b2ec1d04b34470e94dd7393eb562b62e47e0a61b', '', '', 0, '0000-00-00 00:00:00'),
(862, 250, 1, '2D8007F3-8079-4435-A584-2986D8C5EBB3', '40f265ecedacef0988685538b2ec1d04b34470e94dd7393eb562b62e47e0a61b', '', '', 0, '0000-00-00 00:00:00'),
(863, 250, 1, '2D8007F3-8079-4435-A584-2986D8C5EBB3', '40f265ecedacef0988685538b2ec1d04b34470e94dd7393eb562b62e47e0a61b', '', '', 0, '0000-00-00 00:00:00'),
(864, 179, 1, '18CFB275-6C16-40DF-881B-E2226689A718', '526a2f5c072dd75f3c947a051d5d8b07a3fb8469a3b798869e86bdea5aed05d6', '', '', 0, '0000-00-00 00:00:00'),
(865, 252, 1, '18CFB275-6C16-40DF-881B-E2226689A718', '526a2f5c072dd75f3c947a051d5d8b07a3fb8469a3b798869e86bdea5aed05d6', '', '', 0, '0000-00-00 00:00:00'),
(866, 250, 1, '2D8007F3-8079-4435-A584-2986D8C5EBB3', '40f265ecedacef0988685538b2ec1d04b34470e94dd7393eb562b62e47e0a61b', '', '', 0, '0000-00-00 00:00:00'),
(867, 252, 1, '18CFB275-6C16-40DF-881B-E2226689A718', '526a2f5c072dd75f3c947a051d5d8b07a3fb8469a3b798869e86bdea5aed05d6', '', '', 0, '0000-00-00 00:00:00'),
(868, 252, 1, '18CFB275-6C16-40DF-881B-E2226689A718', '526a2f5c072dd75f3c947a051d5d8b07a3fb8469a3b798869e86bdea5aed05d6', '', '', 0, '0000-00-00 00:00:00'),
(869, 252, 1, '18CFB275-6C16-40DF-881B-E2226689A718', '526a2f5c072dd75f3c947a051d5d8b07a3fb8469a3b798869e86bdea5aed05d6', '', '', 0, '0000-00-00 00:00:00'),
(870, 252, 0, '19038eb1db06c670', 'crdXvIuJ9oI:APA91bH1sJIAVdeMmaIwBQ3GsYpNROhtlrn7jFRpUVvsJsxzs_9pDtepVL-C732RLg8WQnuIAmYMOz5DssSOUkV0En3AuB9EAtSd0CS8kXi9B7GDo96Ir-zMxJp36HSwWLNFv_FQY-93', '', '', 0, '0000-00-00 00:00:00'),
(871, 179, 1, 'D54D52F8-E5A5-4E54-BF8F-2E093F964305', 'Not Available', '', '', 0, '0000-00-00 00:00:00'),
(872, 179, 0, '19038eb1db06c670', 'crdXvIuJ9oI:APA91bH1sJIAVdeMmaIwBQ3GsYpNROhtlrn7jFRpUVvsJsxzs_9pDtepVL-C732RLg8WQnuIAmYMOz5DssSOUkV0En3AuB9EAtSd0CS8kXi9B7GDo96Ir-zMxJp36HSwWLNFv_FQY-93', '', '', 0, '0000-00-00 00:00:00'),
(873, 252, 0, '19038eb1db06c670', 'crdXvIuJ9oI:APA91bH1sJIAVdeMmaIwBQ3GsYpNROhtlrn7jFRpUVvsJsxzs_9pDtepVL-C732RLg8WQnuIAmYMOz5DssSOUkV0En3AuB9EAtSd0CS8kXi9B7GDo96Ir-zMxJp36HSwWLNFv_FQY-93', '', '', 0, '0000-00-00 00:00:00'),
(874, 252, 1, 'D54D52F8-E5A5-4E54-BF8F-2E093F964305', 'Not Available', '', '', 0, '0000-00-00 00:00:00'),
(875, 179, 0, '19038eb1db06c670', 'crdXvIuJ9oI:APA91bH1sJIAVdeMmaIwBQ3GsYpNROhtlrn7jFRpUVvsJsxzs_9pDtepVL-C732RLg8WQnuIAmYMOz5DssSOUkV0En3AuB9EAtSd0CS8kXi9B7GDo96Ir-zMxJp36HSwWLNFv_FQY-93', '', '', 0, '0000-00-00 00:00:00'),
(876, 252, 0, '19038eb1db06c670', 'crdXvIuJ9oI:APA91bH1sJIAVdeMmaIwBQ3GsYpNROhtlrn7jFRpUVvsJsxzs_9pDtepVL-C732RLg8WQnuIAmYMOz5DssSOUkV0En3AuB9EAtSd0CS8kXi9B7GDo96Ir-zMxJp36HSwWLNFv_FQY-93', '', '', 0, '0000-00-00 00:00:00'),
(877, 179, 0, '19038eb1db06c670', 'crdXvIuJ9oI:APA91bH1sJIAVdeMmaIwBQ3GsYpNROhtlrn7jFRpUVvsJsxzs_9pDtepVL-C732RLg8WQnuIAmYMOz5DssSOUkV0En3AuB9EAtSd0CS8kXi9B7GDo96Ir-zMxJp36HSwWLNFv_FQY-93', '', '', 0, '0000-00-00 00:00:00'),
(878, 250, 1, '2D8007F3-8079-4435-A584-2986D8C5EBB3', '40f265ecedacef0988685538b2ec1d04b34470e94dd7393eb562b62e47e0a61b', '', '', 0, '0000-00-00 00:00:00'),
(879, 251, 0, 'e272a403234e5773', 'd4vBfeg9QWQ:APA91bHLxDeGv9ngeVp-eapZOciw88Cl2gFGwQqSycDRYSdqbgn-KsHixKEvQteAJka5hM61lymzmOf9yxJkuZjRqLEOXcIl8OD4CD9Tx2EmwGdhzQ8TXZLSVpVlObV5aiqRKRL8Z4LR', '', '', 0, '0000-00-00 00:00:00'),
(880, 180, 0, '9d08386b2fbe3559', 'eq8xSUFo9-k:APA91bFYykT7VP2MiXBp16qJIHtyzRRqxSMRnQxGhpPXLMUW-wQvB2KiZx0uZ5pWna0rCINBGTxgnlgl8kjRmcFCqSwY3Qym2UMTg5ITMdLIE-xV5hnLytGAsSTQaiVkEUca0bIr3iU8', '', '', 0, '0000-00-00 00:00:00'),
(881, 179, 0, 'e272a403234e5773', 'd4vBfeg9QWQ:APA91bHLxDeGv9ngeVp-eapZOciw88Cl2gFGwQqSycDRYSdqbgn-KsHixKEvQteAJka5hM61lymzmOf9yxJkuZjRqLEOXcIl8OD4CD9Tx2EmwGdhzQ8TXZLSVpVlObV5aiqRKRL8Z4LR', '', '', 0, '0000-00-00 00:00:00'),
(882, 255, 0, '19038eb1db06c670', 'crdXvIuJ9oI:APA91bH1sJIAVdeMmaIwBQ3GsYpNROhtlrn7jFRpUVvsJsxzs_9pDtepVL-C732RLg8WQnuIAmYMOz5DssSOUkV0En3AuB9EAtSd0CS8kXi9B7GDo96Ir-zMxJp36HSwWLNFv_FQY-93', '', '', 0, '2017-06-22 05:57:25'),
(883, 182, 1, '2D8007F3-8079-4435-A584-2986D8C5EBB3', 'fe54b0b802d420314d4233c336bfa30984d053181e0cec352237c9844c3dad53', '', '', 0, '0000-00-00 00:00:00'),
(884, 255, 0, '19038eb1db06c670', 'crdXvIuJ9oI:APA91bH1sJIAVdeMmaIwBQ3GsYpNROhtlrn7jFRpUVvsJsxzs_9pDtepVL-C732RLg8WQnuIAmYMOz5DssSOUkV0En3AuB9EAtSd0CS8kXi9B7GDo96Ir-zMxJp36HSwWLNFv_FQY-93', '', '', 0, '0000-00-00 00:00:00'),
(885, 182, 1, '2D8007F3-8079-4435-A584-2986D8C5EBB3', 'fe54b0b802d420314d4233c336bfa30984d053181e0cec352237c9844c3dad53', '', '', 0, '0000-00-00 00:00:00'),
(886, 182, 1, '2D8007F3-8079-4435-A584-2986D8C5EBB3', 'fe54b0b802d420314d4233c336bfa30984d053181e0cec352237c9844c3dad53', '', '', 0, '0000-00-00 00:00:00'),
(887, 255, 0, '19038eb1db06c670', 'crdXvIuJ9oI:APA91bH1sJIAVdeMmaIwBQ3GsYpNROhtlrn7jFRpUVvsJsxzs_9pDtepVL-C732RLg8WQnuIAmYMOz5DssSOUkV0En3AuB9EAtSd0CS8kXi9B7GDo96Ir-zMxJp36HSwWLNFv_FQY-93', '', '', 0, '0000-00-00 00:00:00'),
(888, 255, 0, '19038eb1db06c670', 'crdXvIuJ9oI:APA91bH1sJIAVdeMmaIwBQ3GsYpNROhtlrn7jFRpUVvsJsxzs_9pDtepVL-C732RLg8WQnuIAmYMOz5DssSOUkV0En3AuB9EAtSd0CS8kXi9B7GDo96Ir-zMxJp36HSwWLNFv_FQY-93', '', '', 0, '0000-00-00 00:00:00'),
(889, 179, 1, '2D8007F3-8079-4435-A584-2986D8C5EBB3', 'fe54b0b802d420314d4233c336bfa30984d053181e0cec352237c9844c3dad53', '', '', 1, '0000-00-00 00:00:00'),
(890, 250, 0, '9d08386b2fbe3559', 'eivlQNA-Yzc:APA91bF9Sj8k0yYAf77TIyG4s2JnHgP-PK2Tk06ysK2mRlbCVEczhG09t0QjYYM1a8VHLS2Q2WflG0x18P89JmZPJRG1bbrqoBlQ2wsJuZAgAbIsPwoAcYcA5l7AVA11WK4Ivlp-FtmR', '', '', 0, '0000-00-00 00:00:00'),
(891, 179, 0, 'a6588d74bf02faa2', 'd19gKrrEnAI:APA91bEgJgrWI1PLYuKqwOydOacmpYcfMisngw2rbG2O_n-eFWtbbG8OtKMQWi_1I8PIYB-JzB63FHAbt7GzYUb07VCdCyvTu5i6MT_7bmcg8wM5Oxe-klZKLtHHYmxQwrUHDl4P2NJj', '', '', 0, '0000-00-00 00:00:00'),
(892, 251, 0, 'e272a403234e5773', 'd4vBfeg9QWQ:APA91bHLxDeGv9ngeVp-eapZOciw88Cl2gFGwQqSycDRYSdqbgn-KsHixKEvQteAJka5hM61lymzmOf9yxJkuZjRqLEOXcIl8OD4CD9Tx2EmwGdhzQ8TXZLSVpVlObV5aiqRKRL8Z4LR', '', '', 0, '0000-00-00 00:00:00'),
(893, 180, 0, 'a6588d74bf02faa2', 'c5o9B0dlhhg:APA91bG2D--1xendmOhPynp4Iu-WVmw24SSgPWoQwp5SszBwL9GZulfjw6eVYfoaP-pUsJ_ZGOwT4z9cCJ96qvROEjdEKdoQarQnbCVW49gsAkbneV-ttXhZxJr3HL0c6sXuZvYvXQbQ', '', '', 0, '0000-00-00 00:00:00'),
(894, 250, 0, '9d08386b2fbe3559', 'eivlQNA-Yzc:APA91bF9Sj8k0yYAf77TIyG4s2JnHgP-PK2Tk06ysK2mRlbCVEczhG09t0QjYYM1a8VHLS2Q2WflG0x18P89JmZPJRG1bbrqoBlQ2wsJuZAgAbIsPwoAcYcA5l7AVA11WK4Ivlp-FtmR', '', '', 0, '0000-00-00 00:00:00'),
(895, 250, 0, '9d08386b2fbe3559', 'eivlQNA-Yzc:APA91bF9Sj8k0yYAf77TIyG4s2JnHgP-PK2Tk06ysK2mRlbCVEczhG09t0QjYYM1a8VHLS2Q2WflG0x18P89JmZPJRG1bbrqoBlQ2wsJuZAgAbIsPwoAcYcA5l7AVA11WK4Ivlp-FtmR', '', '', 0, '0000-00-00 00:00:00'),
(896, 250, 1, 'DC816773-7A6A-46AD-9A38-35E1C64AAF71', '9a1c82ea8d0962041af0db892b7dee0bf883cc960f84f6265a949c831e2b80a2', '', '', 0, '0000-00-00 00:00:00'),
(897, 179, 1, '0EA8C527-D32A-41D3-84EF-7200C76574FD', '2450326c927125b465907d06050cd9a16f827ed75097294a9afdf81021d8f67e', '', '', 0, '0000-00-00 00:00:00'),
(898, 180, 1, 'DC816773-7A6A-46AD-9A38-35E1C64AAF71', '9a1c82ea8d0962041af0db892b7dee0bf883cc960f84f6265a949c831e2b80a2', '', '', 0, '0000-00-00 00:00:00'),
(899, 179, 0, 'e272a403234e5773', 'd4vBfeg9QWQ:APA91bHLxDeGv9ngeVp-eapZOciw88Cl2gFGwQqSycDRYSdqbgn-KsHixKEvQteAJka5hM61lymzmOf9yxJkuZjRqLEOXcIl8OD4CD9Tx2EmwGdhzQ8TXZLSVpVlObV5aiqRKRL8Z4LR', '', '', 0, '0000-00-00 00:00:00'),
(900, 251, 0, 'e272a403234e5773', 'd4vBfeg9QWQ:APA91bHLxDeGv9ngeVp-eapZOciw88Cl2gFGwQqSycDRYSdqbgn-KsHixKEvQteAJka5hM61lymzmOf9yxJkuZjRqLEOXcIl8OD4CD9Tx2EmwGdhzQ8TXZLSVpVlObV5aiqRKRL8Z4LR', '', '', 0, '0000-00-00 00:00:00'),
(901, 179, 0, 'e272a403234e5773', 'd4vBfeg9QWQ:APA91bHLxDeGv9ngeVp-eapZOciw88Cl2gFGwQqSycDRYSdqbgn-KsHixKEvQteAJka5hM61lymzmOf9yxJkuZjRqLEOXcIl8OD4CD9Tx2EmwGdhzQ8TXZLSVpVlObV5aiqRKRL8Z4LR', '', '', 0, '0000-00-00 00:00:00'),
(902, 179, 1, 'D54D52F8-E5A5-4E54-BF8F-2E093F964305', 'Not Available', '', '', 0, '0000-00-00 00:00:00'),
(903, 179, 0, '19038eb1db06c670', 'crdXvIuJ9oI:APA91bH1sJIAVdeMmaIwBQ3GsYpNROhtlrn7jFRpUVvsJsxzs_9pDtepVL-C732RLg8WQnuIAmYMOz5DssSOUkV0En3AuB9EAtSd0CS8kXi9B7GDo96Ir-zMxJp36HSwWLNFv_FQY-93', '', '', 0, '0000-00-00 00:00:00'),
(904, 259, 0, 'a6588d74bf02faa2', 'd19gKrrEnAI:APA91bEgJgrWI1PLYuKqwOydOacmpYcfMisngw2rbG2O_n-eFWtbbG8OtKMQWi_1I8PIYB-JzB63FHAbt7GzYUb07VCdCyvTu5i6MT_7bmcg8wM5Oxe-klZKLtHHYmxQwrUHDl4P2NJj', '', '', 0, '2017-06-22 12:45:53'),
(905, 179, 0, 'a6588d74bf02faa2', 'd19gKrrEnAI:APA91bEgJgrWI1PLYuKqwOydOacmpYcfMisngw2rbG2O_n-eFWtbbG8OtKMQWi_1I8PIYB-JzB63FHAbt7GzYUb07VCdCyvTu5i6MT_7bmcg8wM5Oxe-klZKLtHHYmxQwrUHDl4P2NJj', '', '', 0, '0000-00-00 00:00:00'),
(906, 179, 0, '19038eb1db06c670', 'crdXvIuJ9oI:APA91bH1sJIAVdeMmaIwBQ3GsYpNROhtlrn7jFRpUVvsJsxzs_9pDtepVL-C732RLg8WQnuIAmYMOz5DssSOUkV0En3AuB9EAtSd0CS8kXi9B7GDo96Ir-zMxJp36HSwWLNFv_FQY-93', '', '', 0, '0000-00-00 00:00:00'),
(907, 179, 1, '0EA8C527-D32A-41D3-84EF-7200C76574FD', '2450326c927125b465907d06050cd9a16f827ed75097294a9afdf81021d8f67e', '', '', 1, '0000-00-00 00:00:00'),
(908, 180, 1, 'DC816773-7A6A-46AD-9A38-35E1C64AAF71', '9a1c82ea8d0962041af0db892b7dee0bf883cc960f84f6265a949c831e2b80a2', '', '', 0, '0000-00-00 00:00:00'),
(909, 182, 0, '9d08386b2fbe3559', 'e07W4ER4Dtg:APA91bEhAhQg-8LHv4JUSfddQmzqw3EZODP8O08oGF3fo5lAR9gaRg1-oKGXAZHI8kiXhYLLj6e5i3WJgkt4TDI0L0mpUZAigSeocZINSRZ8YZGEbZEoNcCypgbb-FwVCK0gk4_RWvof', '', '', 0, '0000-00-00 00:00:00'),
(910, 182, 0, '9d08386b2fbe3559', 'e07W4ER4Dtg:APA91bEhAhQg-8LHv4JUSfddQmzqw3EZODP8O08oGF3fo5lAR9gaRg1-oKGXAZHI8kiXhYLLj6e5i3WJgkt4TDI0L0mpUZAigSeocZINSRZ8YZGEbZEoNcCypgbb-FwVCK0gk4_RWvof', '', '', 0, '0000-00-00 00:00:00'),
(911, 182, 0, '9d08386b2fbe3559', 'e07W4ER4Dtg:APA91bEhAhQg-8LHv4JUSfddQmzqw3EZODP8O08oGF3fo5lAR9gaRg1-oKGXAZHI8kiXhYLLj6e5i3WJgkt4TDI0L0mpUZAigSeocZINSRZ8YZGEbZEoNcCypgbb-FwVCK0gk4_RWvof', '', '', 0, '0000-00-00 00:00:00'),
(912, 182, 0, '9d08386b2fbe3559', 'e07W4ER4Dtg:APA91bEhAhQg-8LHv4JUSfddQmzqw3EZODP8O08oGF3fo5lAR9gaRg1-oKGXAZHI8kiXhYLLj6e5i3WJgkt4TDI0L0mpUZAigSeocZINSRZ8YZGEbZEoNcCypgbb-FwVCK0gk4_RWvof', '', '', 0, '0000-00-00 00:00:00'),
(913, 182, 0, '9d08386b2fbe3559', 'e07W4ER4Dtg:APA91bEhAhQg-8LHv4JUSfddQmzqw3EZODP8O08oGF3fo5lAR9gaRg1-oKGXAZHI8kiXhYLLj6e5i3WJgkt4TDI0L0mpUZAigSeocZINSRZ8YZGEbZEoNcCypgbb-FwVCK0gk4_RWvof', '', '', 0, '0000-00-00 00:00:00'),
(914, 182, 0, '9d08386b2fbe3559', 'e07W4ER4Dtg:APA91bEhAhQg-8LHv4JUSfddQmzqw3EZODP8O08oGF3fo5lAR9gaRg1-oKGXAZHI8kiXhYLLj6e5i3WJgkt4TDI0L0mpUZAigSeocZINSRZ8YZGEbZEoNcCypgbb-FwVCK0gk4_RWvof', '', '', 0, '0000-00-00 00:00:00'),
(915, 180, 1, 'DC816773-7A6A-46AD-9A38-35E1C64AAF71', '9a1c82ea8d0962041af0db892b7dee0bf883cc960f84f6265a949c831e2b80a2', '', '', 0, '0000-00-00 00:00:00'),
(916, 180, 1, 'DC816773-7A6A-46AD-9A38-35E1C64AAF71', '9a1c82ea8d0962041af0db892b7dee0bf883cc960f84f6265a949c831e2b80a2', '', '', 1, '0000-00-00 00:00:00'),
(917, 260, 0, '19038eb1db06c670', 'crdXvIuJ9oI:APA91bH1sJIAVdeMmaIwBQ3GsYpNROhtlrn7jFRpUVvsJsxzs_9pDtepVL-C732RLg8WQnuIAmYMOz5DssSOUkV0En3AuB9EAtSd0CS8kXi9B7GDo96Ir-zMxJp36HSwWLNFv_FQY-93', '', '', 0, '2017-06-23 04:25:53'),
(918, 182, 0, 'e272a403234e5773', 'd4vBfeg9QWQ:APA91bHLxDeGv9ngeVp-eapZOciw88Cl2gFGwQqSycDRYSdqbgn-KsHixKEvQteAJka5hM61lymzmOf9yxJkuZjRqLEOXcIl8OD4CD9Tx2EmwGdhzQ8TXZLSVpVlObV5aiqRKRL8Z4LR', '', '', 0, '0000-00-00 00:00:00'),
(919, 182, 0, 'e272a403234e5773', 'd4vBfeg9QWQ:APA91bHLxDeGv9ngeVp-eapZOciw88Cl2gFGwQqSycDRYSdqbgn-KsHixKEvQteAJka5hM61lymzmOf9yxJkuZjRqLEOXcIl8OD4CD9Tx2EmwGdhzQ8TXZLSVpVlObV5aiqRKRL8Z4LR', '', '', 0, '0000-00-00 00:00:00'),
(920, 179, 1, '5729347C-A29B-440A-AFFF-EC36FB38EE45', '218dae115c5724bb57339e62829f76554e8ec1532ddc5df963ae9109fc1d0593', '', '', 1, '0000-00-00 00:00:00'),
(921, 182, 0, 'e272a403234e5773', 'd4vBfeg9QWQ:APA91bHLxDeGv9ngeVp-eapZOciw88Cl2gFGwQqSycDRYSdqbgn-KsHixKEvQteAJka5hM61lymzmOf9yxJkuZjRqLEOXcIl8OD4CD9Tx2EmwGdhzQ8TXZLSVpVlObV5aiqRKRL8Z4LR', '', '', 0, '0000-00-00 00:00:00'),
(922, 179, 0, 'e272a403234e5773', 'd4vBfeg9QWQ:APA91bHLxDeGv9ngeVp-eapZOciw88Cl2gFGwQqSycDRYSdqbgn-KsHixKEvQteAJka5hM61lymzmOf9yxJkuZjRqLEOXcIl8OD4CD9Tx2EmwGdhzQ8TXZLSVpVlObV5aiqRKRL8Z4LR', '', '', 0, '0000-00-00 00:00:00'),
(923, 180, 1, '894554C4-94CF-4E30-AF13-6542D7346FBD', '56e48e0b279dfaf737046c1a838fad4cfc500c4a640aded280cf57a85c7d542d', '', '', 1, '0000-00-00 00:00:00'),
(924, 179, 1, '438C08B2-BC69-4BDC-9445-7951F871B21F', '94a9b3a15ad9bff743caf3adb8167b18eb69a4dae3418aa434dd4fc60df03651', '', '', 1, '0000-00-00 00:00:00'),
(925, 179, 0, '19038eb1db06c670', 'crdXvIuJ9oI:APA91bH1sJIAVdeMmaIwBQ3GsYpNROhtlrn7jFRpUVvsJsxzs_9pDtepVL-C732RLg8WQnuIAmYMOz5DssSOUkV0En3AuB9EAtSd0CS8kXi9B7GDo96Ir-zMxJp36HSwWLNFv_FQY-93', '', '', 0, '0000-00-00 00:00:00'),
(926, 182, 0, '19038eb1db06c670', 'crdXvIuJ9oI:APA91bH1sJIAVdeMmaIwBQ3GsYpNROhtlrn7jFRpUVvsJsxzs_9pDtepVL-C732RLg8WQnuIAmYMOz5DssSOUkV0En3AuB9EAtSd0CS8kXi9B7GDo96Ir-zMxJp36HSwWLNFv_FQY-93', '', '', 0, '0000-00-00 00:00:00'),
(927, 182, 0, '19038eb1db06c670', 'crdXvIuJ9oI:APA91bH1sJIAVdeMmaIwBQ3GsYpNROhtlrn7jFRpUVvsJsxzs_9pDtepVL-C732RLg8WQnuIAmYMOz5DssSOUkV0En3AuB9EAtSd0CS8kXi9B7GDo96Ir-zMxJp36HSwWLNFv_FQY-93', '', '', 0, '0000-00-00 00:00:00'),
(928, 255, 1, '76F57B35-2ED9-4F9E-9D8A-DD06C6A10373', '08e156fcb874cfbc62a92823f8c0bc7711cca34006bd1c631aa8fc7972e04435', '', '', 0, '0000-00-00 00:00:00'),
(929, 262, 1, '76F57B35-2ED9-4F9E-9D8A-DD06C6A10373', '08e156fcb874cfbc62a92823f8c0bc7711cca34006bd1c631aa8fc7972e04435', '', '', 0, '2017-06-23 07:37:48'),
(930, 262, 1, '76F57B35-2ED9-4F9E-9D8A-DD06C6A10373', '08e156fcb874cfbc62a92823f8c0bc7711cca34006bd1c631aa8fc7972e04435', '', '', 0, '0000-00-00 00:00:00'),
(931, 250, 1, '1D869282-6E3B-4983-80DB-46A098D9604D', 'e0bf2a92ee2bc2638e793d4eb30bce84e38d491265235d65eea7271d2f53f5b9', '', '', 0, '0000-00-00 00:00:00'),
(932, 179, 0, 'e272a403234e5773', 'd4vBfeg9QWQ:APA91bHLxDeGv9ngeVp-eapZOciw88Cl2gFGwQqSycDRYSdqbgn-KsHixKEvQteAJka5hM61lymzmOf9yxJkuZjRqLEOXcIl8OD4CD9Tx2EmwGdhzQ8TXZLSVpVlObV5aiqRKRL8Z4LR', '', '', 0, '0000-00-00 00:00:00'),
(933, 179, 0, 'e272a403234e5773', 'd4vBfeg9QWQ:APA91bHLxDeGv9ngeVp-eapZOciw88Cl2gFGwQqSycDRYSdqbgn-KsHixKEvQteAJka5hM61lymzmOf9yxJkuZjRqLEOXcIl8OD4CD9Tx2EmwGdhzQ8TXZLSVpVlObV5aiqRKRL8Z4LR', '', '', 0, '0000-00-00 00:00:00'),
(934, 179, 0, '19038eb1db06c670', 'crdXvIuJ9oI:APA91bH1sJIAVdeMmaIwBQ3GsYpNROhtlrn7jFRpUVvsJsxzs_9pDtepVL-C732RLg8WQnuIAmYMOz5DssSOUkV0En3AuB9EAtSd0CS8kXi9B7GDo96Ir-zMxJp36HSwWLNFv_FQY-93', '', '', 0, '0000-00-00 00:00:00'),
(935, 255, 1, '76F57B35-2ED9-4F9E-9D8A-DD06C6A10373', '08e156fcb874cfbc62a92823f8c0bc7711cca34006bd1c631aa8fc7972e04435', '', '', 0, '0000-00-00 00:00:00'),
(936, 263, 1, '76F57B35-2ED9-4F9E-9D8A-DD06C6A10373', '08e156fcb874cfbc62a92823f8c0bc7711cca34006bd1c631aa8fc7972e04435', '', '', 0, '2017-06-23 11:04:31'),
(937, 255, 1, '76F57B35-2ED9-4F9E-9D8A-DD06C6A10373', '08e156fcb874cfbc62a92823f8c0bc7711cca34006bd1c631aa8fc7972e04435', '', '', 0, '0000-00-00 00:00:00'),
(938, 255, 0, '9d08386b2fbe3559', 'd15vFlONyFg:APA91bGuPiFEYyXMoSFJunLhRy9isHLLn7sLs74JtSQw9lAs5JJXY0ZmOTx_cfwrgAWL3G_DQzATuoDZ8Z4aLGJKV94CDMU1r01TbnCLngDCtLWSlZC6Hje2ao0Kkvqs-r1Px6OC0axI', '', '', 0, '0000-00-00 00:00:00'),
(939, 255, 1, 'D54D52F8-E5A5-4E54-BF8F-2E093F964305', 'Not Available', '', '', 0, '0000-00-00 00:00:00'),
(940, 250, 0, '9d08386b2fbe3559', 'eivlQNA-Yzc:APA91bF9Sj8k0yYAf77TIyG4s2JnHgP-PK2Tk06ysK2mRlbCVEczhG09t0QjYYM1a8VHLS2Q2WflG0x18P89JmZPJRG1bbrqoBlQ2wsJuZAgAbIsPwoAcYcA5l7AVA11WK4Ivlp-FtmR', '', '', 0, '0000-00-00 00:00:00'),
(941, 179, 0, '19038eb1db06c670', 'crdXvIuJ9oI:APA91bH1sJIAVdeMmaIwBQ3GsYpNROhtlrn7jFRpUVvsJsxzs_9pDtepVL-C732RLg8WQnuIAmYMOz5DssSOUkV0En3AuB9EAtSd0CS8kXi9B7GDo96Ir-zMxJp36HSwWLNFv_FQY-93', '', '', 0, '0000-00-00 00:00:00'),
(942, 179, 0, '19038eb1db06c670', 'cIsZ4_3yq90:APA91bHBBOZh2CPYHwAJagvjv7wZrORYQu4ZavRc8c99mET4u84OjTEwbc193E_X-pFlAgjJQ3Nehxld3C5VcQp07ynX_5IkmL5PLzHzJO1Uw50XKFf3JpFXUkCOohorUVmn8bUW6Wha', '', '', 0, '0000-00-00 00:00:00'),
(943, 255, 0, '9d08386b2fbe3559', 'd15vFlONyFg:APA91bGuPiFEYyXMoSFJunLhRy9isHLLn7sLs74JtSQw9lAs5JJXY0ZmOTx_cfwrgAWL3G_DQzATuoDZ8Z4aLGJKV94CDMU1r01TbnCLngDCtLWSlZC6Hje2ao0Kkvqs-r1Px6OC0axI', '', '', 0, '0000-00-00 00:00:00'),
(944, 250, 0, '9d08386b2fbe3559', 'eivlQNA-Yzc:APA91bF9Sj8k0yYAf77TIyG4s2JnHgP-PK2Tk06ysK2mRlbCVEczhG09t0QjYYM1a8VHLS2Q2WflG0x18P89JmZPJRG1bbrqoBlQ2wsJuZAgAbIsPwoAcYcA5l7AVA11WK4Ivlp-FtmR', '', '', 0, '0000-00-00 00:00:00'),
(945, 255, 1, '76F57B35-2ED9-4F9E-9D8A-DD06C6A10373', '08e156fcb874cfbc62a92823f8c0bc7711cca34006bd1c631aa8fc7972e04435', '', '', 0, '0000-00-00 00:00:00'),
(946, 255, 1, '76F57B35-2ED9-4F9E-9D8A-DD06C6A10373', '08e156fcb874cfbc62a92823f8c0bc7711cca34006bd1c631aa8fc7972e04435', '', '', 0, '0000-00-00 00:00:00'),
(947, 255, 0, '19038eb1db06c670', 'cIsZ4_3yq90:APA91bHBBOZh2CPYHwAJagvjv7wZrORYQu4ZavRc8c99mET4u84OjTEwbc193E_X-pFlAgjJQ3Nehxld3C5VcQp07ynX_5IkmL5PLzHzJO1Uw50XKFf3JpFXUkCOohorUVmn8bUW6Wha', '', '', 0, '0000-00-00 00:00:00'),
(948, 264, 1, '76F57B35-2ED9-4F9E-9D8A-DD06C6A10373', '08e156fcb874cfbc62a92823f8c0bc7711cca34006bd1c631aa8fc7972e04435', '', '', 1, '2017-06-23 17:07:48'),
(949, 250, 1, '1D869282-6E3B-4983-80DB-46A098D9604D', 'e0bf2a92ee2bc2638e793d4eb30bce84e38d491265235d65eea7271d2f53f5b9', '', '', 0, '0000-00-00 00:00:00'),
(950, 265, 1, '1D869282-6E3B-4983-80DB-46A098D9604D', 'e0bf2a92ee2bc2638e793d4eb30bce84e38d491265235d65eea7271d2f53f5b9', '', '', 0, '0000-00-00 00:00:00'),
(951, 250, 0, '9d08386b2fbe3559', 'eivlQNA-Yzc:APA91bF9Sj8k0yYAf77TIyG4s2JnHgP-PK2Tk06ysK2mRlbCVEczhG09t0QjYYM1a8VHLS2Q2WflG0x18P89JmZPJRG1bbrqoBlQ2wsJuZAgAbIsPwoAcYcA5l7AVA11WK4Ivlp-FtmR', '', '', 0, '0000-00-00 00:00:00'),
(952, 255, 1, '97945022-69DD-4DD1-B1A4-1972ABBD23DA', 'a031a5a6e3f9ce01571c8f12d52b2ec20d10510e8053795b663187117acd1a50', '', '', 1, '0000-00-00 00:00:00'),
(953, 180, 1, '1D869282-6E3B-4983-80DB-46A098D9604D', 'e0bf2a92ee2bc2638e793d4eb30bce84e38d491265235d65eea7271d2f53f5b9', '', '', 1, '0000-00-00 00:00:00'),
(954, 185, 0, '7a40dfc0f1bdd4da', 'efF0p9LmKnQ:APA91bFeF6Nv-VZLiBWA6X84dHi5NLrsp70_yrF5pKa0dlu58wi1cpiwOQBLyIasckb2q17dvZ-MvHTa9rgwhFiBuwC20-NqWvOBmQTlscSG8pyCz_KQC4QZZQCDum7W1lD-T2hEgPpG', '', '', 1, '0000-00-00 00:00:00'),
(955, 185, 1, 'B720B2F1-F37F-4DBF-9525-251605445242', '2c4354cfc4a29c148d09114fd892506749b1d4f955bfe6879e3fa110736f91d6', '', '', 1, '0000-00-00 00:00:00'),
(956, 186, 1, '15B2490B-4656-4B42-9371-0E141EEA18BF', '670c23bba257588db7a278a9b7589ebf6ae2b6d03ec68530606a638324c72bc2', '', '', 1, '0000-00-00 00:00:00'),
(957, 266, 0, 'a6588d74bf02faa2', 'd19gKrrEnAI:APA91bEgJgrWI1PLYuKqwOydOacmpYcfMisngw2rbG2O_n-eFWtbbG8OtKMQWi_1I8PIYB-JzB63FHAbt7GzYUb07VCdCyvTu5i6MT_7bmcg8wM5Oxe-klZKLtHHYmxQwrUHDl4P2NJj', '', '', 0, '2017-06-24 06:12:52'),
(958, 267, 0, 'a6588d74bf02faa2', 'd19gKrrEnAI:APA91bEgJgrWI1PLYuKqwOydOacmpYcfMisngw2rbG2O_n-eFWtbbG8OtKMQWi_1I8PIYB-JzB63FHAbt7GzYUb07VCdCyvTu5i6MT_7bmcg8wM5Oxe-klZKLtHHYmxQwrUHDl4P2NJj', '', '', 0, '2017-06-24 06:21:34'),
(959, 179, 0, 'a6588d74bf02faa2', 'd19gKrrEnAI:APA91bEgJgrWI1PLYuKqwOydOacmpYcfMisngw2rbG2O_n-eFWtbbG8OtKMQWi_1I8PIYB-JzB63FHAbt7GzYUb07VCdCyvTu5i6MT_7bmcg8wM5Oxe-klZKLtHHYmxQwrUHDl4P2NJj', '', '', 1, '0000-00-00 00:00:00'),
(960, 179, 0, 'e272a403234e5773', 'frpuDUJw_XU:APA91bGhIyiLFQTXghFxjotH9nClCrLIveLhEHP_uD5MUYkRMMyU1DzmnfcSyREC1x9SUusIwAYhNEHZaQ9Ifu5AlGLzCNZLhMu8lLFI2fP1DbRiWJmmBo6XnlL2ADjlBSTXtd2ztzpC', '', '', 0, '0000-00-00 00:00:00'),
(961, 179, 0, 'e272a403234e5773', 'frpuDUJw_XU:APA91bGhIyiLFQTXghFxjotH9nClCrLIveLhEHP_uD5MUYkRMMyU1DzmnfcSyREC1x9SUusIwAYhNEHZaQ9Ifu5AlGLzCNZLhMu8lLFI2fP1DbRiWJmmBo6XnlL2ADjlBSTXtd2ztzpC', '', '', 0, '0000-00-00 00:00:00'),
(962, 251, 0, 'e272a403234e5773', 'frpuDUJw_XU:APA91bGhIyiLFQTXghFxjotH9nClCrLIveLhEHP_uD5MUYkRMMyU1DzmnfcSyREC1x9SUusIwAYhNEHZaQ9Ifu5AlGLzCNZLhMu8lLFI2fP1DbRiWJmmBo6XnlL2ADjlBSTXtd2ztzpC', '', '', 0, '0000-00-00 00:00:00'),
(963, 179, 0, '19038eb1db06c670', 'cIsZ4_3yq90:APA91bHBBOZh2CPYHwAJagvjv7wZrORYQu4ZavRc8c99mET4u84OjTEwbc193E_X-pFlAgjJQ3Nehxld3C5VcQp07ynX_5IkmL5PLzHzJO1Uw50XKFf3JpFXUkCOohorUVmn8bUW6Wha', '', '', 0, '0000-00-00 00:00:00'),
(964, 179, 0, 'e272a403234e5773', 'frpuDUJw_XU:APA91bGhIyiLFQTXghFxjotH9nClCrLIveLhEHP_uD5MUYkRMMyU1DzmnfcSyREC1x9SUusIwAYhNEHZaQ9Ifu5AlGLzCNZLhMu8lLFI2fP1DbRiWJmmBo6XnlL2ADjlBSTXtd2ztzpC', '', '', 0, '0000-00-00 00:00:00'),
(965, 179, 0, 'd81f405a4dae49eb', 'dzPwLbikmpE:APA91bFPahrVrz6RpiwUOac5pi64-cMwIFiVkhzmYotdcHpgLHdTvhLu3ccp_k_PqJf87V4Srp97Cz5LpNiBZE-VJGCVfrNixrjcudjR0ghj1-4w9GD89vA19wdM3it9E9_GSRBsfdCl', '', '', 1, '0000-00-00 00:00:00'),
(966, 179, 0, 'e272a403234e5773', 'frpuDUJw_XU:APA91bGhIyiLFQTXghFxjotH9nClCrLIveLhEHP_uD5MUYkRMMyU1DzmnfcSyREC1x9SUusIwAYhNEHZaQ9Ifu5AlGLzCNZLhMu8lLFI2fP1DbRiWJmmBo6XnlL2ADjlBSTXtd2ztzpC', '', '', 0, '0000-00-00 00:00:00'),
(967, 268, 0, '19038eb1db06c670', 'cIsZ4_3yq90:APA91bHBBOZh2CPYHwAJagvjv7wZrORYQu4ZavRc8c99mET4u84OjTEwbc193E_X-pFlAgjJQ3Nehxld3C5VcQp07ynX_5IkmL5PLzHzJO1Uw50XKFf3JpFXUkCOohorUVmn8bUW6Wha', '', '', 0, '0000-00-00 00:00:00'),
(968, 271, 0, '19038eb1db06c670', 'cIsZ4_3yq90:APA91bHBBOZh2CPYHwAJagvjv7wZrORYQu4ZavRc8c99mET4u84OjTEwbc193E_X-pFlAgjJQ3Nehxld3C5VcQp07ynX_5IkmL5PLzHzJO1Uw50XKFf3JpFXUkCOohorUVmn8bUW6Wha', '', '', 0, '0000-00-00 00:00:00'),
(969, 271, 0, '19038eb1db06c670', 'cIsZ4_3yq90:APA91bHBBOZh2CPYHwAJagvjv7wZrORYQu4ZavRc8c99mET4u84OjTEwbc193E_X-pFlAgjJQ3Nehxld3C5VcQp07ynX_5IkmL5PLzHzJO1Uw50XKFf3JpFXUkCOohorUVmn8bUW6Wha', '', '', 0, '0000-00-00 00:00:00'),
(970, 271, 0, '19038eb1db06c670', 'cIsZ4_3yq90:APA91bHBBOZh2CPYHwAJagvjv7wZrORYQu4ZavRc8c99mET4u84OjTEwbc193E_X-pFlAgjJQ3Nehxld3C5VcQp07ynX_5IkmL5PLzHzJO1Uw50XKFf3JpFXUkCOohorUVmn8bUW6Wha', '', '', 0, '0000-00-00 00:00:00'),
(971, 271, 0, '19038eb1db06c670', 'cIsZ4_3yq90:APA91bHBBOZh2CPYHwAJagvjv7wZrORYQu4ZavRc8c99mET4u84OjTEwbc193E_X-pFlAgjJQ3Nehxld3C5VcQp07ynX_5IkmL5PLzHzJO1Uw50XKFf3JpFXUkCOohorUVmn8bUW6Wha', '', '', 0, '0000-00-00 00:00:00'),
(972, 271, 0, '19038eb1db06c670', 'cIsZ4_3yq90:APA91bHBBOZh2CPYHwAJagvjv7wZrORYQu4ZavRc8c99mET4u84OjTEwbc193E_X-pFlAgjJQ3Nehxld3C5VcQp07ynX_5IkmL5PLzHzJO1Uw50XKFf3JpFXUkCOohorUVmn8bUW6Wha', '', '', 0, '0000-00-00 00:00:00'),
(973, 179, 0, 'f9fb62e700e8f0c0', 'dQ22lhKeSCM:APA91bFdWaw6764KKFCkcF8p3ZzYBnnJon0x5xu45lg7wQl_oyq0cmVIQr6bIf_Bx-SERMy9ThfQm9BaZt-o3XleWw_hmms3_Z7WERsykZ6iNXzm7HpQg-19E1dkJ0DvQt_HofzGtOPy', '', '', 0, '0000-00-00 00:00:00'),
(974, 272, 1, 'EE2B3B0E-93B8-42B3-8A90-FAE21F33CD6B', 'Not Available', '', '', 1, '2017-06-27 10:50:36'),
(975, 272, 0, '19038eb1db06c670', 'cIsZ4_3yq90:APA91bHBBOZh2CPYHwAJagvjv7wZrORYQu4ZavRc8c99mET4u84OjTEwbc193E_X-pFlAgjJQ3Nehxld3C5VcQp07ynX_5IkmL5PLzHzJO1Uw50XKFf3JpFXUkCOohorUVmn8bUW6Wha', '', '', 0, '0000-00-00 00:00:00'),
(976, 272, 1, '61F86083-ABDD-4517-952A-116CDCB9EE8B', 'd0afc6501565f25a2ac8fb205b3dcb21f5c69d9ca5e9ee0a8f603c1e45e48eee', '', '', 0, '0000-00-00 00:00:00'),
(977, 180, 1, 'FE2B8697-E750-4098-96F1-ECDFA661184C', 'bffbd96da6f186468025268220531fbce8ce56da1438ff9b8c8358f496eca9c2', '', '', 1, '0000-00-00 00:00:00'),
(978, 273, 1, '61F86083-ABDD-4517-952A-116CDCB9EE8B', '35f1322513c58815b73352e4145c184a3447ad2d5e6da857d42037b95806cf4c', '', '', 0, '2017-06-27 14:24:14'),
(979, 250, 1, 'F7EB4ED4-585F-40A6-93D0-9BB4E1A14988', '6aa797199ba11e46baf8f4ffd5166b26dbca56dc8e03236e88805b79a24f3ef9', '', '', 1, '0000-00-00 00:00:00'),
(980, 248, 0, '19038eb1db06c670', 'cIsZ4_3yq90:APA91bHBBOZh2CPYHwAJagvjv7wZrORYQu4ZavRc8c99mET4u84OjTEwbc193E_X-pFlAgjJQ3Nehxld3C5VcQp07ynX_5IkmL5PLzHzJO1Uw50XKFf3JpFXUkCOohorUVmn8bUW6Wha', '', '', 0, '0000-00-00 00:00:00'),
(981, 273, 0, '19038eb1db06c670', 'cIsZ4_3yq90:APA91bHBBOZh2CPYHwAJagvjv7wZrORYQu4ZavRc8c99mET4u84OjTEwbc193E_X-pFlAgjJQ3Nehxld3C5VcQp07ynX_5IkmL5PLzHzJO1Uw50XKFf3JpFXUkCOohorUVmn8bUW6Wha', '', '', 0, '0000-00-00 00:00:00'),
(982, 185, 1, '2DC65F61-7D9E-4D9B-860B-5D8C5A993852', '40d79a34317fcae35daf519f805b4976607dd3cbdb7af184c6d11483a003d7a3', '', '', 1, '0000-00-00 00:00:00'),
(983, 186, 1, '3FAE47B7-4D7E-4D3D-9192-AFFD8AEF4606', '0d096461b94deb1b85e07d4977d8f2f2ef44d76202d580258e6a6bffa0f93759', '', '', 1, '0000-00-00 00:00:00'),
(984, 179, 0, 'e272a403234e5773', 'frpuDUJw_XU:APA91bGhIyiLFQTXghFxjotH9nClCrLIveLhEHP_uD5MUYkRMMyU1DzmnfcSyREC1x9SUusIwAYhNEHZaQ9Ifu5AlGLzCNZLhMu8lLFI2fP1DbRiWJmmBo6XnlL2ADjlBSTXtd2ztzpC', '', '', 0, '0000-00-00 00:00:00'),
(985, 179, 0, '9d08386b2fbe3559', 'dFONa9NaEts:APA91bG3smz49aqDmfdlFLD6pCACIInjFE_FmlJnyee71NZRaO8ddn_RvsXGBicxeCA29VTpNDvQHNl31owFB1be08VJUHuAKkRHrkL2uECfaxaBZWlID-JRIAe9IeKuzrXFmFO0TjFV', '', '', 0, '0000-00-00 00:00:00'),
(986, 274, 0, '9d08386b2fbe3559', 'dFONa9NaEts:APA91bG3smz49aqDmfdlFLD6pCACIInjFE_FmlJnyee71NZRaO8ddn_RvsXGBicxeCA29VTpNDvQHNl31owFB1be08VJUHuAKkRHrkL2uECfaxaBZWlID-JRIAe9IeKuzrXFmFO0TjFV', '', '', 0, '2017-06-28 07:08:00'),
(987, 179, 0, 'e272a403234e5773', 'frpuDUJw_XU:APA91bGhIyiLFQTXghFxjotH9nClCrLIveLhEHP_uD5MUYkRMMyU1DzmnfcSyREC1x9SUusIwAYhNEHZaQ9Ifu5AlGLzCNZLhMu8lLFI2fP1DbRiWJmmBo6XnlL2ADjlBSTXtd2ztzpC', '', '', 0, '0000-00-00 00:00:00'),
(988, 250, 1, 'B848536F-B9A4-4431-83FE-D158BEDDCC02', '5b8313239cdd572b480aca131369309e0797a1f2826189c3303fb18ea0e76c67', '', '', 0, '0000-00-00 00:00:00'),
(989, 250, 1, 'B848536F-B9A4-4431-83FE-D158BEDDCC02', '5b8313239cdd572b480aca131369309e0797a1f2826189c3303fb18ea0e76c67', '', '', 0, '0000-00-00 00:00:00'),
(990, 272, 1, '61F86083-ABDD-4517-952A-116CDCB9EE8B', 'cf185ac1c1f6e6aae5bfe8a0b43523d1f3e6f06f104de4d3376bc43c6e5d0f48', '', '', 0, '0000-00-00 00:00:00'),
(991, 262, 1, '61F86083-ABDD-4517-952A-116CDCB9EE8B', 'cf185ac1c1f6e6aae5bfe8a0b43523d1f3e6f06f104de4d3376bc43c6e5d0f48', '', '', 0, '0000-00-00 00:00:00'),
(992, 273, 1, '61F86083-ABDD-4517-952A-116CDCB9EE8B', 'cf185ac1c1f6e6aae5bfe8a0b43523d1f3e6f06f104de4d3376bc43c6e5d0f48', '', '', 0, '0000-00-00 00:00:00'),
(993, 248, 1, '61F86083-ABDD-4517-952A-116CDCB9EE8B', 'cf185ac1c1f6e6aae5bfe8a0b43523d1f3e6f06f104de4d3376bc43c6e5d0f48', '', '', 1, '0000-00-00 00:00:00'),
(994, 251, 0, 'e272a403234e5773', 'frpuDUJw_XU:APA91bGhIyiLFQTXghFxjotH9nClCrLIveLhEHP_uD5MUYkRMMyU1DzmnfcSyREC1x9SUusIwAYhNEHZaQ9Ifu5AlGLzCNZLhMu8lLFI2fP1DbRiWJmmBo6XnlL2ADjlBSTXtd2ztzpC', '', '', 0, '0000-00-00 00:00:00'),
(995, 179, 0, 'e272a403234e5773', 'frpuDUJw_XU:APA91bGhIyiLFQTXghFxjotH9nClCrLIveLhEHP_uD5MUYkRMMyU1DzmnfcSyREC1x9SUusIwAYhNEHZaQ9Ifu5AlGLzCNZLhMu8lLFI2fP1DbRiWJmmBo6XnlL2ADjlBSTXtd2ztzpC', '', '', 0, '0000-00-00 00:00:00'),
(996, 179, 0, 'e272a403234e5773', 'frpuDUJw_XU:APA91bGhIyiLFQTXghFxjotH9nClCrLIveLhEHP_uD5MUYkRMMyU1DzmnfcSyREC1x9SUusIwAYhNEHZaQ9Ifu5AlGLzCNZLhMu8lLFI2fP1DbRiWJmmBo6XnlL2ADjlBSTXtd2ztzpC', '', '', 0, '0000-00-00 00:00:00'),
(997, 179, 0, 'e272a403234e5773', 'frpuDUJw_XU:APA91bGhIyiLFQTXghFxjotH9nClCrLIveLhEHP_uD5MUYkRMMyU1DzmnfcSyREC1x9SUusIwAYhNEHZaQ9Ifu5AlGLzCNZLhMu8lLFI2fP1DbRiWJmmBo6XnlL2ADjlBSTXtd2ztzpC', '', '', 0, '0000-00-00 00:00:00'),
(998, 276, 0, '19038eb1db06c670', 'cIsZ4_3yq90:APA91bHBBOZh2CPYHwAJagvjv7wZrORYQu4ZavRc8c99mET4u84OjTEwbc193E_X-pFlAgjJQ3Nehxld3C5VcQp07ynX_5IkmL5PLzHzJO1Uw50XKFf3JpFXUkCOohorUVmn8bUW6Wha', '', '', 0, '2017-06-29 04:46:36'),
(999, 276, 0, '19038eb1db06c670', 'cIsZ4_3yq90:APA91bHBBOZh2CPYHwAJagvjv7wZrORYQu4ZavRc8c99mET4u84OjTEwbc193E_X-pFlAgjJQ3Nehxld3C5VcQp07ynX_5IkmL5PLzHzJO1Uw50XKFf3JpFXUkCOohorUVmn8bUW6Wha', '', '', 0, '0000-00-00 00:00:00'),
(1000, 276, 0, '19038eb1db06c670', 'cIsZ4_3yq90:APA91bHBBOZh2CPYHwAJagvjv7wZrORYQu4ZavRc8c99mET4u84OjTEwbc193E_X-pFlAgjJQ3Nehxld3C5VcQp07ynX_5IkmL5PLzHzJO1Uw50XKFf3JpFXUkCOohorUVmn8bUW6Wha', '', '', 0, '0000-00-00 00:00:00'),
(1001, 276, 0, '19038eb1db06c670', 'cIsZ4_3yq90:APA91bHBBOZh2CPYHwAJagvjv7wZrORYQu4ZavRc8c99mET4u84OjTEwbc193E_X-pFlAgjJQ3Nehxld3C5VcQp07ynX_5IkmL5PLzHzJO1Uw50XKFf3JpFXUkCOohorUVmn8bUW6Wha', '', '', 1, '0000-00-00 00:00:00'),
(1002, 277, 0, '9d08386b2fbe3559', 'eivlQNA-Yzc:APA91bF9Sj8k0yYAf77TIyG4s2JnHgP-PK2Tk06ysK2mRlbCVEczhG09t0QjYYM1a8VHLS2Q2WflG0x18P89JmZPJRG1bbrqoBlQ2wsJuZAgAbIsPwoAcYcA5l7AVA11WK4Ivlp-FtmR', '', '', 0, '0000-00-00 00:00:00'),
(1003, 179, 0, 'e272a403234e5773', 'frpuDUJw_XU:APA91bGhIyiLFQTXghFxjotH9nClCrLIveLhEHP_uD5MUYkRMMyU1DzmnfcSyREC1x9SUusIwAYhNEHZaQ9Ifu5AlGLzCNZLhMu8lLFI2fP1DbRiWJmmBo6XnlL2ADjlBSTXtd2ztzpC', '', '', 1, '0000-00-00 00:00:00');
INSERT INTO `tbl_login` (`id`, `user_id`, `device_id`, `unique_device_id`, `token_id`, `latitude`, `longitude`, `status`, `date_created`) VALUES
(1004, 284, 0, '9d08386b2fbe3559', 'eivlQNA-Yzc:APA91bF9Sj8k0yYAf77TIyG4s2JnHgP-PK2Tk06ysK2mRlbCVEczhG09t0QjYYM1a8VHLS2Q2WflG0x18P89JmZPJRG1bbrqoBlQ2wsJuZAgAbIsPwoAcYcA5l7AVA11WK4Ivlp-FtmR', '', '', 0, '0000-00-00 00:00:00'),
(1005, 285, 0, 'f9fb62e700e8f0c0', 'd7YLtMtnOqk:APA91bGNBtJl1q01CJLsJc-J1IskijmuGdKx595eTfQw44z09V3VSKbmy-omjIHxGmN0eGQTFBMGQVsJK_U-E91MhJjNejK4XEu9SynOWGA7kb-AdN5nsqr3yzrYSYh-mMyrGZXJoyyr', '', '', 0, '2017-06-29 07:23:18'),
(1006, 285, 0, 'f9fb62e700e8f0c0', 'd7YLtMtnOqk:APA91bGNBtJl1q01CJLsJc-J1IskijmuGdKx595eTfQw44z09V3VSKbmy-omjIHxGmN0eGQTFBMGQVsJK_U-E91MhJjNejK4XEu9SynOWGA7kb-AdN5nsqr3yzrYSYh-mMyrGZXJoyyr', '', '', 0, '0000-00-00 00:00:00'),
(1007, 285, 0, 'f9fb62e700e8f0c0', 'd7YLtMtnOqk:APA91bGNBtJl1q01CJLsJc-J1IskijmuGdKx595eTfQw44z09V3VSKbmy-omjIHxGmN0eGQTFBMGQVsJK_U-E91MhJjNejK4XEu9SynOWGA7kb-AdN5nsqr3yzrYSYh-mMyrGZXJoyyr', '', '', 1, '0000-00-00 00:00:00'),
(1008, 283, 0, '9d08386b2fbe3559', 'eivlQNA-Yzc:APA91bF9Sj8k0yYAf77TIyG4s2JnHgP-PK2Tk06ysK2mRlbCVEczhG09t0QjYYM1a8VHLS2Q2WflG0x18P89JmZPJRG1bbrqoBlQ2wsJuZAgAbIsPwoAcYcA5l7AVA11WK4Ivlp-FtmR', '', '', 0, '0000-00-00 00:00:00'),
(1009, 284, 0, '9d08386b2fbe3559', 'eivlQNA-Yzc:APA91bF9Sj8k0yYAf77TIyG4s2JnHgP-PK2Tk06ysK2mRlbCVEczhG09t0QjYYM1a8VHLS2Q2WflG0x18P89JmZPJRG1bbrqoBlQ2wsJuZAgAbIsPwoAcYcA5l7AVA11WK4Ivlp-FtmR', '', '', 1, '0000-00-00 00:00:00');

-- --------------------------------------------------------

--
-- Table structure for table `tbl_users`
--

CREATE TABLE IF NOT EXISTS `tbl_users` (
  `id` int(11) NOT NULL AUTO_INCREMENT,
  `fname` varchar(150) NOT NULL,
  `lname` varchar(250) NOT NULL,
  `address` varchar(300) NOT NULL,
  `email` varchar(150) NOT NULL,
  `gender` int(11) NOT NULL COMMENT '0-male, 1-female',
  `password` varchar(150) NOT NULL,
  `phone` varchar(150) NOT NULL,
  `profile_pic` varchar(150) NOT NULL,
  `fb_id` varchar(150) NOT NULL,
  `google_id` varchar(250) NOT NULL,
  `user_type` int(11) NOT NULL COMMENT '1-Admin,0-user,2-serviceProviders',
  `signupVia_email` int(11) NOT NULL COMMENT '0-no, 1-yes',
  `signupVia_fb` int(11) NOT NULL COMMENT '0-no, 1-yes',
  `signupVia_google` int(11) NOT NULL COMMENT '0-no, 1-yes',
  `latitude` varchar(150) NOT NULL,
  `longitude` varchar(150) NOT NULL,
  `add_referCode` text NOT NULL,
  `ref_code` varchar(250) NOT NULL COMMENT 'code_generated as promo',
  `notification_status` int(11) NOT NULL COMMENT '0-on, 1-off',
  `smsNotificationStatus` int(11) NOT NULL COMMENT '0- off, 1-on',
  `providersStatus` int(11) NOT NULL COMMENT '0- inactive, 1-activated',
  `categoryType` int(11) NOT NULL DEFAULT '0' COMMENT 'service provider category 1-distance 2-hourly',
  `UserCurrStatus` int(11) NOT NULL COMMENT '0-active, 1-inactive',
  `date_created` datetime NOT NULL,
  PRIMARY KEY (`id`)
) ENGINE=InnoDB  DEFAULT CHARSET=latin1 AUTO_INCREMENT=286 ;

--
-- Dumping data for table `tbl_users`
--

INSERT INTO `tbl_users` (`id`, `fname`, `lname`, `address`, `email`, `gender`, `password`, `phone`, `profile_pic`, `fb_id`, `google_id`, `user_type`, `signupVia_email`, `signupVia_fb`, `signupVia_google`, `latitude`, `longitude`, `add_referCode`, `ref_code`, `notification_status`, `smsNotificationStatus`, `providersStatus`, `categoryType`, `UserCurrStatus`, `date_created`) VALUES
(179, '4234', '#%%%##!', '#34, Shivalik City, Kharar', 'rajbirkumar007@gmail.com', 0, '0e311e5b9704f28b4e8557e8fa3fbe7d', '+6597970000', 'http://kudosFind.com/Admin/Public/img/app/ProfilePic33.jpg', '', '', 0, 1, 0, 0, '', '', '', 'rajbirKU427', 0, 1, 0, 0, 0, '2017-06-02 11:58:18'),
(180, 'Zohaib', 'Ahmed', 'IT park Chandigarh', 'zohaib@gmail.com', 0, 'e10adc3949ba59abbe56e057f20f883e', '+6587899996', 'http://kudosFind.com/Admin/Public/img/driverImages/profilePic14.jpg', '', '', 2, 1, 0, 0, '30.723530', '76.847641', '', '', 0, 0, 0, 1, 0, '2017-06-02 12:00:00'),
(181, 'Ritesh', 'Singhh', 'It park, Chandigarh', 'ritesh@gmail.com', 0, 'e10adc3949ba59abbe56e057f20f883e', '+6597801330', '', '', '', 2, 1, 0, 0, '30.7233827', '76.8478164', '', '', 0, 1, 1, 2, 0, '2017-06-02 12:25:54'),
(182, 'Phoenix', 'Ne', '', 'osvin.ios12@gmail.com', 0, 'd6b904031a80e4c15044733ce3efbf30', '+6512343254', '', '368686566859393', '', 0, 0, 1, 0, '', '', '', 'PhoenixKU482', 0, 1, 0, 0, 0, '2017-06-02 13:24:53'),
(184, 'sakshi', 'sin', '', 'sak@gmail.com', 0, 'd8578edf8458ce06fbc5bb76a58c5ca4', '+6585383575', '', '', '', 0, 1, 0, 0, '30.7233682', '76.8477827', '', 'sakshiKU216', 0, 0, 0, 0, 0, '2017-06-02 13:42:56'),
(185, 'Test', 'Customer', '', 'export.cars@gmail.com', 0, 'f6d82ac8c538d66acc8adec449136d27', '+6591907822', '', '', '', 0, 1, 0, 0, '1.2872411', '103.8293359', '', 'TestKU182', 0, 0, 0, 0, 0, '2017-06-02 17:15:31'),
(186, 'Test', 'Provider', '124', 'cheapestmoversg@gmail.com', 0, 'f6d82ac8c538d66acc8adec449136d27', '+6596472888', 'http://kudosFind.com/Admin/Public/img/app/19.jpeg', '', '', 2, 1, 0, 0, '1.287486', '103.828624', '', '', 0, 1, 1, 1, 0, '2017-06-02 17:22:23'),
(187, 'Osvin', 'Ios', '', 'osvin.ios3@gmail.com', 0, '', '+6573554425', 'https://scontent.xx.fbcdn.net/v/t1.0-1/p200x200/16864098_334932350234945_4329788589027538155_n.jpg?oh=60202a90f1ceb02467c4b49cb46bde66&oe=59E5C82D', '383970995331080', '', 0, 0, 1, 0, '30.723536', '76.847641', '', 'OsvinKU141', 0, 0, 0, 0, 0, '2017-06-05 04:35:47'),
(240, 'sakshi', 'sina', '', 'saksin@gmail.com', 0, 'd8578edf8458ce06fbc5bb76a58c5ca4', '+6573525542', '', '', '', 0, 1, 0, 0, '30.723471', '76.847656', '', 'sakshiKU121', 0, 0, 0, 0, 0, '2017-06-19 13:06:48'),
(248, 'mac', 'mini', '', 'mac@mini.com', 0, 'd8578edf8458ce06fbc5bb76a58c5ca4', '+6597970000', '', '', '', 0, 1, 0, 0, '0.000000', '0.000000', '', 'macKU404', 0, 0, 0, 0, 0, '2017-06-20 08:58:26'),
(253, 'Mac', 'minii', '', 'mac@minn.com', 0, 'd8578edf8458ce06fbc5bb76a58c5ca4', '+6597970000', 'http://kudosFind.com/Admin/Public/img/app/17.jpeg', '', '', 0, 1, 0, 0, '0.000000', '0.000000', '', 'macKU371', 0, 1, 0, 0, 0, '2017-06-21 05:52:40'),
(272, 'saksho', 'singla', '', 'sakshi@test.com', 0, 'd8578edf8458ce06fbc5bb76a58c5ca4', '+6597970000', '', '', '', 0, 1, 0, 0, '0.000000', '0.000000', '', 'sakshoKU257', 0, 0, 0, 0, 0, '2017-06-27 10:50:36'),
(273, 'imac', 'mini', '', 'imac@mini.com', 0, 'd8578edf8458ce06fbc5bb76a58c5ca4', '+6597970000', '', '', '', 0, 1, 0, 0, '30.722349', '76.849648', 'rajbirKU427', 'imacKU425', 0, 0, 0, 0, 0, '2017-06-27 14:24:14'),
(274, 'osvin', 'websolutions', '', 'osvinandroid@gmail.com', 0, '', '+6587899998', 'https://lh3.googleusercontent.com//-R6Mj9sChRrg/AAAAAAAAAAI/AAAAAAAAARE/P5tFSp5TPRQ/photo.jpg', '', '100893249527277324515', 0, 0, 0, 1, '30.7233728', '76.8478277', '', 'osvinKU343', 0, 0, 0, 0, 0, '2017-06-28 07:08:00'),
(275, 'Phoenix', 'Est Ne', '', 'osvin.ios1@gmail.com', 0, '', '+6575875875', '', '', '', 0, 0, 1, 0, '', '', '', 'PhoenixKU145', 0, 0, 0, 0, 0, '2017-06-28 15:49:09'),
(283, 'Rajat', 'Verma', '#33, Shipping on my new job', 'rajat.debut117@gmail.com', 0, 'dda92610c7e74d0796aa9caefd8f0eaa', '+6598778033', 'http://kudosFind.com/Admin/Public/img/driverImages/profilePic24.jpg', '', '', 2, 1, 0, 0, '30.7233682', '76.8477827', '', '', 0, 0, 0, 2, 0, '2017-06-29 06:29:34'),
(284, 'Raman', 'Kumar', '#34, Shivalik City, Kharar', 'rajat.debut116@gmail.com', 0, 'dda92610c7e74d0796aa9caefd8f0eaa', '98744331', 'http://kudosFind.com/Admin/Public/img/driverImages/7.jpg', '', '', 2, 1, 0, 0, '30.7233902', '76.8477827', '', '', 0, 0, 0, 1, 0, '2017-06-29 06:34:54'),
(285, 'Sanju', 'Samson', '', 'rajat.debut2@gmail.com', 0, 'dda92610c7e74d0796aa9caefd8f0eaa', '+6598766554', 'http://kudosFind.com/Admin/Public/img/app/ProfilePic43.jpg', '', '', 0, 1, 0, 0, '30.7233827', '76.8478164', 'rajbirKU427', 'SanjuKU108', 0, 1, 0, 0, 0, '2017-06-29 07:23:18');

/*!40101 SET CHARACTER_SET_CLIENT=@OLD_CHARACTER_SET_CLIENT */;
/*!40101 SET CHARACTER_SET_RESULTS=@OLD_CHARACTER_SET_RESULTS */;
/*!40101 SET COLLATION_CONNECTION=@OLD_COLLATION_CONNECTION */;
