-- phpMyAdmin SQL Dump
-- version 4.0.10deb1
-- http://www.phpmyadmin.net
--
-- Host: localhost
-- Generation Time: Jul 18, 2018 at 05:33 PM
-- Server version: 5.5.60-0ubuntu0.14.04.1
-- PHP Version: 5.5.9-1ubuntu4.25

SET SQL_MODE = "NO_AUTO_VALUE_ON_ZERO";
SET time_zone = "+00:00";


/*!40101 SET @OLD_CHARACTER_SET_CLIENT=@@CHARACTER_SET_CLIENT */;
/*!40101 SET @OLD_CHARACTER_SET_RESULTS=@@CHARACTER_SET_RESULTS */;
/*!40101 SET @OLD_COLLATION_CONNECTION=@@COLLATION_CONNECTION */;
/*!40101 SET NAMES utf8 */;

--
-- Database: `plume_db`
--

-- --------------------------------------------------------

--
-- Table structure for table `tbl_follow`
--

CREATE TABLE IF NOT EXISTS `tbl_follow` (
  `id` int(11) NOT NULL AUTO_INCREMENT,
  `to_id` int(11) NOT NULL,
  `from_id` int(11) NOT NULL,
  `status` int(11) NOT NULL COMMENT '0->unfollow, 1->follow',
  `status_both` int(11) NOT NULL COMMENT '0->single,2->both',
  `is_block` int(11) NOT NULL COMMENT '0->unblock,1->block',
  `date_created` datetime NOT NULL,
  PRIMARY KEY (`id`)
) ENGINE=InnoDB  DEFAULT CHARSET=latin1 AUTO_INCREMENT=38 ;

--
-- Dumping data for table `tbl_follow`
--

INSERT INTO `tbl_follow` (`id`, `to_id`, `from_id`, `status`, `status_both`, `is_block`, `date_created`) VALUES
(1, 379, 396, 0, 2, 0, '2018-04-03 13:35:37'),
(2, 337, 338, 1, 0, 0, '2018-04-10 05:02:39'),
(3, 338, 340, 1, 0, 0, '2018-04-10 05:33:17'),
(4, 337, 340, 1, 0, 0, '2018-04-10 05:38:59'),
(5, 337, 364, 1, 0, 0, '2018-04-10 05:51:53'),
(6, 397, 364, 0, 0, 0, '2018-04-10 05:51:58'),
(7, 338, 364, 1, 0, 0, '2018-04-10 05:52:05'),
(8, 340, 364, 1, 0, 0, '2018-04-10 05:52:17'),
(9, 337, 401, 1, 0, 0, '2018-04-10 06:35:52'),
(10, 364, 401, 1, 0, 0, '2018-04-10 06:35:58'),
(11, 338, 401, 1, 0, 0, '2018-04-10 06:36:03'),
(12, 340, 401, 1, 0, 0, '2018-04-10 06:36:07'),
(13, 92, 288, 1, 2, 0, '2018-04-11 00:10:56'),
(14, 364, 288, 1, 0, 0, '2018-04-11 00:11:08'),
(15, 288, 92, 1, 2, 0, '2018-04-11 00:11:10'),
(16, 337, 288, 1, 0, 0, '2018-04-11 00:12:47'),
(17, 337, 92, 1, 0, 0, '2018-04-11 00:13:21'),
(18, 396, 92, 1, 0, 0, '2018-04-11 00:13:26'),
(19, 379, 92, 1, 0, 0, '2018-04-11 00:13:30'),
(20, 92, 403, 1, 2, 0, '2018-04-12 17:10:11'),
(21, 403, 92, 1, 2, 0, '2018-04-12 17:11:13'),
(22, 255, 337, 1, 0, 0, '2018-04-25 05:09:00'),
(23, 255, 335, 1, 0, 0, '2018-04-25 05:23:15'),
(24, 404, 405, 1, 0, 0, '2018-04-25 11:15:03'),
(25, 407, 406, 1, 0, 0, '2018-04-25 11:26:58'),
(26, 407, 396, 1, 0, 0, '2018-04-25 11:38:01'),
(27, 396, 334, 1, 0, 0, '2018-04-25 11:39:04'),
(28, 1, 337, 1, 0, 0, '2018-05-02 09:43:30'),
(29, 1, 231, 1, 0, 0, '2018-05-02 09:44:02'),
(30, 1, 232, 1, 0, 0, '2018-05-02 09:44:07'),
(31, 396, 379, 1, 2, 0, '2018-05-02 14:27:43'),
(32, 1, 2, 1, 0, 0, '2018-05-09 09:43:11'),
(33, 1, 1, 1, 0, 0, '2018-05-09 09:46:19'),
(34, 408, 409, 1, 0, 0, '2018-05-31 05:27:21'),
(35, 410, 411, 1, 0, 0, '2018-05-31 05:39:28'),
(36, 413, 412, 1, 0, 0, '2018-05-31 05:45:13'),
(37, 334, 415, 1, 0, 0, '2018-05-31 14:43:48');

-- --------------------------------------------------------

--
-- Table structure for table `tbl_login`
--

CREATE TABLE IF NOT EXISTS `tbl_login` (
  `id` int(11) NOT NULL AUTO_INCREMENT,
  `userId` int(11) NOT NULL,
  `device_id` int(11) NOT NULL COMMENT '0-> andriod, 1-> ios',
  `unique_deviceId` varchar(500) NOT NULL,
  `token_id` varchar(250) NOT NULL,
  `status` int(11) NOT NULL COMMENT '0-> Logout, 1-> Login',
  `date_created` datetime NOT NULL,
  PRIMARY KEY (`id`)
) ENGINE=InnoDB  DEFAULT CHARSET=latin1 AUTO_INCREMENT=378 ;

--
-- Dumping data for table `tbl_login`
--

INSERT INTO `tbl_login` (`id`, `userId`, `device_id`, `unique_deviceId`, `token_id`, `status`, `date_created`) VALUES
(1, 255, 1, '8923F6CC-EAE2-4FF8-A030-0478C855F27D', '7c9759b4f6a9ba36ccfc5eca8c9871a12351f19980dc24fd2ec6da4ef99289df', 0, '2018-03-16 13:53:26'),
(2, 232, 1, 'B8E4DB67-DD6B-4BF4-883E-A20167AB6F4E', '1590ab3c540c0454f5ce240c7187d5a8ce902dc07d77d5b3acca119ad22c3c3e', 0, '2018-03-16 13:53:41'),
(3, 255, 1, '8923F6CC-EAE2-4FF8-A030-0478C855F27D', '7c9759b4f6a9ba36ccfc5eca8c9871a12351f19980dc24fd2ec6da4ef99289df', 0, '2018-03-16 13:59:37'),
(4, 324, 1, '8923F6CC-EAE2-4FF8-A030-0478C855F27D', '7c9759b4f6a9ba36ccfc5eca8c9871a12351f19980dc24fd2ec6da4ef99289df', 0, '2018-03-16 14:01:59'),
(5, 255, 1, '8923F6CC-EAE2-4FF8-A030-0478C855F27D', '7c9759b4f6a9ba36ccfc5eca8c9871a12351f19980dc24fd2ec6da4ef99289df', 0, '2018-03-16 14:02:27'),
(6, 325, 1, '8923F6CC-EAE2-4FF8-A030-0478C855F27D', '7c9759b4f6a9ba36ccfc5eca8c9871a12351f19980dc24fd2ec6da4ef99289df', 0, '2018-03-16 14:13:04'),
(7, 326, 1, '8923F6CC-EAE2-4FF8-A030-0478C855F27D', '7c9759b4f6a9ba36ccfc5eca8c9871a12351f19980dc24fd2ec6da4ef99289df', 0, '2018-03-16 14:14:56'),
(8, 255, 1, '8923F6CC-EAE2-4FF8-A030-0478C855F27D', '7c9759b4f6a9ba36ccfc5eca8c9871a12351f19980dc24fd2ec6da4ef99289df', 0, '2018-03-16 14:17:32'),
(9, 327, 1, '5222D071-1C15-4EC6-BD18-69FF02A11290', '55f3563f757018ab11012e00c055448ddd1b2e94d58cc87bdbb3ff15990d8cb0', 0, '2018-03-16 14:23:22'),
(10, 327, 1, '5222D071-1C15-4EC6-BD18-69FF02A11290', '55f3563f757018ab11012e00c055448ddd1b2e94d58cc87bdbb3ff15990d8cb0', 0, '2018-03-16 14:27:26'),
(11, 328, 1, 'EDF87005-037B-4AED-B3D1-BB2A8613E695', '702c84246c347f9e459bd664f25d1428f700c6165061da99447dcb90e3ac1921', 0, '2018-03-16 14:30:18'),
(12, 328, 1, 'EDF87005-037B-4AED-B3D1-BB2A8613E695', '702c84246c347f9e459bd664f25d1428f700c6165061da99447dcb90e3ac1921', 0, '2018-03-16 14:33:11'),
(13, 327, 1, 'C28A8DE2-20AB-45A1-95FF-CEACC9495157', '2fa4f64f525358e9993b3190a50765c79832d2276d86f40e90d3cfc3df13861f', 0, '2018-03-16 14:38:08'),
(14, 329, 1, 'C28A8DE2-20AB-45A1-95FF-CEACC9495157', '2fa4f64f525358e9993b3190a50765c79832d2276d86f40e90d3cfc3df13861f', 0, '2018-03-16 14:39:21'),
(15, 328, 1, 'EDF87005-037B-4AED-B3D1-BB2A8613E695', '702c84246c347f9e459bd664f25d1428f700c6165061da99447dcb90e3ac1921', 1, '2018-03-16 14:41:55'),
(16, 330, 1, 'BBB7FB6F-D721-4EFE-B18E-985FA94FD007', '6c78864019af23f06b9e55072733a392f0fe55bd3f07a98b9decfe97298907c2', 0, '2018-03-16 14:55:31'),
(17, 255, 1, 'BBB7FB6F-D721-4EFE-B18E-985FA94FD007', '6c78864019af23f06b9e55072733a392f0fe55bd3f07a98b9decfe97298907c2', 0, '2018-03-16 15:00:21'),
(18, 255, 1, 'BBB7FB6F-D721-4EFE-B18E-985FA94FD007', '6c78864019af23f06b9e55072733a392f0fe55bd3f07a98b9decfe97298907c2', 0, '2018-03-16 15:05:37'),
(19, 255, 1, 'BBB7FB6F-D721-4EFE-B18E-985FA94FD007', '6c78864019af23f06b9e55072733a392f0fe55bd3f07a98b9decfe97298907c2', 0, '2018-03-16 15:07:27'),
(20, 331, 1, 'BBB7FB6F-D721-4EFE-B18E-985FA94FD007', '6c78864019af23f06b9e55072733a392f0fe55bd3f07a98b9decfe97298907c2', 0, '2018-03-16 15:08:01'),
(21, 255, 1, 'BBB7FB6F-D721-4EFE-B18E-985FA94FD007', '6c78864019af23f06b9e55072733a392f0fe55bd3f07a98b9decfe97298907c2', 0, '2018-03-16 15:08:44'),
(22, 255, 1, 'C28A8DE2-20AB-45A1-95FF-CEACC9495157', '2fa4f64f525358e9993b3190a50765c79832d2276d86f40e90d3cfc3df13861f', 0, '2018-03-17 06:19:25'),
(23, 256, 1, 'C28A8DE2-20AB-45A1-95FF-CEACC9495157', '2fa4f64f525358e9993b3190a50765c79832d2276d86f40e90d3cfc3df13861f', 0, '2018-03-17 06:19:58'),
(24, 232, 1, 'B8E4DB67-DD6B-4BF4-883E-A20167AB6F4E', '1590ab3c540c0454f5ce240c7187d5a8ce902dc07d77d5b3acca119ad22c3c3e', 0, '2018-03-17 06:20:56'),
(25, 329, 1, 'C28A8DE2-20AB-45A1-95FF-CEACC9495157', '2fa4f64f525358e9993b3190a50765c79832d2276d86f40e90d3cfc3df13861f', 0, '2018-03-17 06:33:17'),
(26, 329, 1, 'C28A8DE2-20AB-45A1-95FF-CEACC9495157', '2fa4f64f525358e9993b3190a50765c79832d2276d86f40e90d3cfc3df13861f', 0, '2018-03-17 06:34:57'),
(27, 329, 1, 'C28A8DE2-20AB-45A1-95FF-CEACC9495157', '2fa4f64f525358e9993b3190a50765c79832d2276d86f40e90d3cfc3df13861f', 0, '2018-03-17 06:44:58'),
(28, 329, 1, 'C28A8DE2-20AB-45A1-95FF-CEACC9495157', '2fa4f64f525358e9993b3190a50765c79832d2276d86f40e90d3cfc3df13861f', 0, '2018-03-17 06:46:49'),
(29, 232, 1, 'B8E4DB67-DD6B-4BF4-883E-A20167AB6F4E', '1590ab3c540c0454f5ce240c7187d5a8ce902dc07d77d5b3acca119ad22c3c3e', 0, '2018-03-17 06:47:03'),
(30, 232, 1, 'B8E4DB67-DD6B-4BF4-883E-A20167AB6F4E', '1590ab3c540c0454f5ce240c7187d5a8ce902dc07d77d5b3acca119ad22c3c3e', 0, '2018-03-17 06:48:06'),
(31, 332, 1, 'B8E4DB67-DD6B-4BF4-883E-A20167AB6F4E', '1590ab3c540c0454f5ce240c7187d5a8ce902dc07d77d5b3acca119ad22c3c3e', 0, '2018-03-17 06:49:20'),
(32, 333, 1, 'C28A8DE2-20AB-45A1-95FF-CEACC9495157', '2fa4f64f525358e9993b3190a50765c79832d2276d86f40e90d3cfc3df13861f', 0, '2018-03-17 06:50:56'),
(33, 332, 1, 'B8E4DB67-DD6B-4BF4-883E-A20167AB6F4E', '1590ab3c540c0454f5ce240c7187d5a8ce902dc07d77d5b3acca119ad22c3c3e', 0, '2018-03-17 06:54:26'),
(34, 332, 1, 'B8E4DB67-DD6B-4BF4-883E-A20167AB6F4E', '1590ab3c540c0454f5ce240c7187d5a8ce902dc07d77d5b3acca119ad22c3c3e', 0, '2018-03-17 06:58:44'),
(35, 256, 1, 'B8E4DB67-DD6B-4BF4-883E-A20167AB6F4E', '1590ab3c540c0454f5ce240c7187d5a8ce902dc07d77d5b3acca119ad22c3c3e', 0, '2018-03-17 06:59:48'),
(36, 334, 1, 'B8E4DB67-DD6B-4BF4-883E-A20167AB6F4E', '1590ab3c540c0454f5ce240c7187d5a8ce902dc07d77d5b3acca119ad22c3c3e', 0, '2018-03-17 07:05:15'),
(37, 335, 1, 'C28A8DE2-20AB-45A1-95FF-CEACC9495157', '2fa4f64f525358e9993b3190a50765c79832d2276d86f40e90d3cfc3df13861f', 0, '2018-03-17 07:07:00'),
(38, 335, 1, 'C28A8DE2-20AB-45A1-95FF-CEACC9495157', '2fa4f64f525358e9993b3190a50765c79832d2276d86f40e90d3cfc3df13861f', 0, '2018-03-17 07:10:05'),
(39, 334, 1, 'B8E4DB67-DD6B-4BF4-883E-A20167AB6F4E', '1590ab3c540c0454f5ce240c7187d5a8ce902dc07d77d5b3acca119ad22c3c3e', 0, '2018-03-17 07:10:16'),
(40, 256, 1, 'C28A8DE2-20AB-45A1-95FF-CEACC9495157', '2fa4f64f525358e9993b3190a50765c79832d2276d86f40e90d3cfc3df13861f', 0, '2018-03-17 07:11:25'),
(41, 256, 1, 'C28A8DE2-20AB-45A1-95FF-CEACC9495157', '2fa4f64f525358e9993b3190a50765c79832d2276d86f40e90d3cfc3df13861f', 0, '2018-03-17 07:14:31'),
(42, 334, 1, 'B8E4DB67-DD6B-4BF4-883E-A20167AB6F4E', '1590ab3c540c0454f5ce240c7187d5a8ce902dc07d77d5b3acca119ad22c3c3e', 0, '2018-03-17 07:33:05'),
(43, 334, 1, 'B8E4DB67-DD6B-4BF4-883E-A20167AB6F4E', '1590ab3c540c0454f5ce240c7187d5a8ce902dc07d77d5b3acca119ad22c3c3e', 0, '2018-03-17 07:33:33'),
(44, 256, 1, 'C28A8DE2-20AB-45A1-95FF-CEACC9495157', '2fa4f64f525358e9993b3190a50765c79832d2276d86f40e90d3cfc3df13861f', 0, '2018-03-17 07:44:58'),
(45, 335, 1, 'C28A8DE2-20AB-45A1-95FF-CEACC9495157', '2fa4f64f525358e9993b3190a50765c79832d2276d86f40e90d3cfc3df13861f', 0, '2018-03-17 07:46:29'),
(46, 256, 1, 'C28A8DE2-20AB-45A1-95FF-CEACC9495157', '2fa4f64f525358e9993b3190a50765c79832d2276d86f40e90d3cfc3df13861f', 0, '2018-03-17 07:49:50'),
(47, 335, 1, 'C28A8DE2-20AB-45A1-95FF-CEACC9495157', '2fa4f64f525358e9993b3190a50765c79832d2276d86f40e90d3cfc3df13861f', 0, '2018-03-17 07:50:52'),
(48, 335, 1, 'C28A8DE2-20AB-45A1-95FF-CEACC9495157', '2fa4f64f525358e9993b3190a50765c79832d2276d86f40e90d3cfc3df13861f', 0, '2018-03-17 08:10:14'),
(49, 334, 1, 'B8E4DB67-DD6B-4BF4-883E-A20167AB6F4E', '1590ab3c540c0454f5ce240c7187d5a8ce902dc07d77d5b3acca119ad22c3c3e', 0, '2018-03-17 10:27:48'),
(50, 335, 1, 'C28A8DE2-20AB-45A1-95FF-CEACC9495157', '2fa4f64f525358e9993b3190a50765c79832d2276d86f40e90d3cfc3df13861f', 0, '2018-03-17 10:27:59'),
(51, 256, 1, 'B8E4DB67-DD6B-4BF4-883E-A20167AB6F4E', '1590ab3c540c0454f5ce240c7187d5a8ce902dc07d77d5b3acca119ad22c3c3e', 0, '2018-03-17 10:29:26'),
(52, 334, 1, 'C28A8DE2-20AB-45A1-95FF-CEACC9495157', '2fa4f64f525358e9993b3190a50765c79832d2276d86f40e90d3cfc3df13861f', 0, '2018-03-17 10:29:39'),
(53, 232, 1, 'CBFE1871-CE27-4510-8897-7EED129598A8', '14db8a96d5362d34c2fe720031fa87cc3651c428c7b24885dcbef48d07ebb2a9', 0, '2018-03-17 10:44:37'),
(54, 92, 1, '0E0E709E-899F-4118-AA26-AE1296CB6FB9', '1693cf92f7fc129cf52e1613a187c2c9c8e56a475c9bcdb3215a982283f642f6', 0, '2018-03-17 16:08:34'),
(55, 232, 1, 'B8E4DB67-DD6B-4BF4-883E-A20167AB6F4E', '1590ab3c540c0454f5ce240c7187d5a8ce902dc07d77d5b3acca119ad22c3c3e', 0, '2018-03-19 05:34:26'),
(56, 336, 1, 'B8E4DB67-DD6B-4BF4-883E-A20167AB6F4E', '1590ab3c540c0454f5ce240c7187d5a8ce902dc07d77d5b3acca119ad22c3c3e', 0, '2018-03-19 05:57:14'),
(57, 336, 1, 'B8E4DB67-DD6B-4BF4-883E-A20167AB6F4E', '1590ab3c540c0454f5ce240c7187d5a8ce902dc07d77d5b3acca119ad22c3c3e', 0, '2018-03-19 06:02:18'),
(58, 336, 1, 'B8E4DB67-DD6B-4BF4-883E-A20167AB6F4E', '1590ab3c540c0454f5ce240c7187d5a8ce902dc07d77d5b3acca119ad22c3c3e', 0, '2018-03-19 06:03:05'),
(59, 336, 1, 'B8E4DB67-DD6B-4BF4-883E-A20167AB6F4E', '1590ab3c540c0454f5ce240c7187d5a8ce902dc07d77d5b3acca119ad22c3c3e', 0, '2018-03-19 06:06:06'),
(60, 337, 1, 'B8E4DB67-DD6B-4BF4-883E-A20167AB6F4E', '1590ab3c540c0454f5ce240c7187d5a8ce902dc07d77d5b3acca119ad22c3c3e', 0, '2018-03-19 06:23:02'),
(61, 338, 1, 'B8E4DB67-DD6B-4BF4-883E-A20167AB6F4E', '1590ab3c540c0454f5ce240c7187d5a8ce902dc07d77d5b3acca119ad22c3c3e', 0, '2018-03-19 06:51:51'),
(62, 337, 1, 'B8E4DB67-DD6B-4BF4-883E-A20167AB6F4E', '1590ab3c540c0454f5ce240c7187d5a8ce902dc07d77d5b3acca119ad22c3c3e', 0, '2018-03-19 07:14:14'),
(63, 338, 1, 'B8E4DB67-DD6B-4BF4-883E-A20167AB6F4E', '1590ab3c540c0454f5ce240c7187d5a8ce902dc07d77d5b3acca119ad22c3c3e', 0, '2018-03-19 07:24:04'),
(64, 337, 1, 'B8E4DB67-DD6B-4BF4-883E-A20167AB6F4E', '1590ab3c540c0454f5ce240c7187d5a8ce902dc07d77d5b3acca119ad22c3c3e', 0, '2018-03-19 07:29:32'),
(65, 338, 1, 'B8E4DB67-DD6B-4BF4-883E-A20167AB6F4E', '1590ab3c540c0454f5ce240c7187d5a8ce902dc07d77d5b3acca119ad22c3c3e', 0, '2018-03-19 07:34:11'),
(66, 337, 1, 'B8E4DB67-DD6B-4BF4-883E-A20167AB6F4E', '1590ab3c540c0454f5ce240c7187d5a8ce902dc07d77d5b3acca119ad22c3c3e', 0, '2018-03-19 07:35:40'),
(67, 338, 1, 'B8E4DB67-DD6B-4BF4-883E-A20167AB6F4E', '1590ab3c540c0454f5ce240c7187d5a8ce902dc07d77d5b3acca119ad22c3c3e', 0, '2018-03-19 07:38:02'),
(68, 337, 1, 'B8E4DB67-DD6B-4BF4-883E-A20167AB6F4E', '1590ab3c540c0454f5ce240c7187d5a8ce902dc07d77d5b3acca119ad22c3c3e', 0, '2018-03-19 07:41:26'),
(69, 256, 1, '7A28F45A-F52E-442A-84D0-EF216034FF37', '', 0, '2018-03-19 07:43:02'),
(70, 338, 1, 'B8E4DB67-DD6B-4BF4-883E-A20167AB6F4E', '1590ab3c540c0454f5ce240c7187d5a8ce902dc07d77d5b3acca119ad22c3c3e', 0, '2018-03-19 07:43:14'),
(71, 339, 1, '7A28F45A-F52E-442A-84D0-EF216034FF37', '', 0, '2018-03-19 07:44:08'),
(72, 337, 1, 'B8E4DB67-DD6B-4BF4-883E-A20167AB6F4E', '1590ab3c540c0454f5ce240c7187d5a8ce902dc07d77d5b3acca119ad22c3c3e', 0, '2018-03-19 07:45:52'),
(73, 338, 1, 'B8E4DB67-DD6B-4BF4-883E-A20167AB6F4E', '1590ab3c540c0454f5ce240c7187d5a8ce902dc07d77d5b3acca119ad22c3c3e', 0, '2018-03-19 07:47:01'),
(74, 338, 1, 'B8E4DB67-DD6B-4BF4-883E-A20167AB6F4E', '1590ab3c540c0454f5ce240c7187d5a8ce902dc07d77d5b3acca119ad22c3c3e', 0, '2018-03-19 07:49:42'),
(75, 337, 1, 'B8E4DB67-DD6B-4BF4-883E-A20167AB6F4E', '1590ab3c540c0454f5ce240c7187d5a8ce902dc07d77d5b3acca119ad22c3c3e', 0, '2018-03-19 07:53:26'),
(76, 340, 1, 'B8E4DB67-DD6B-4BF4-883E-A20167AB6F4E', '1590ab3c540c0454f5ce240c7187d5a8ce902dc07d77d5b3acca119ad22c3c3e', 0, '2018-03-19 07:55:03'),
(77, 340, 1, 'B8E4DB67-DD6B-4BF4-883E-A20167AB6F4E', '1590ab3c540c0454f5ce240c7187d5a8ce902dc07d77d5b3acca119ad22c3c3e', 0, '2018-03-19 07:56:51'),
(78, 337, 1, 'B8E4DB67-DD6B-4BF4-883E-A20167AB6F4E', '1590ab3c540c0454f5ce240c7187d5a8ce902dc07d77d5b3acca119ad22c3c3e', 0, '2018-03-19 07:57:26'),
(79, 337, 1, 'B8E4DB67-DD6B-4BF4-883E-A20167AB6F4E', '1590ab3c540c0454f5ce240c7187d5a8ce902dc07d77d5b3acca119ad22c3c3e', 0, '2018-03-19 07:58:35'),
(80, 338, 1, 'B8E4DB67-DD6B-4BF4-883E-A20167AB6F4E', '1590ab3c540c0454f5ce240c7187d5a8ce902dc07d77d5b3acca119ad22c3c3e', 0, '2018-03-19 08:01:43'),
(81, 340, 1, 'B8E4DB67-DD6B-4BF4-883E-A20167AB6F4E', '1590ab3c540c0454f5ce240c7187d5a8ce902dc07d77d5b3acca119ad22c3c3e', 0, '2018-03-19 08:49:50'),
(82, 337, 1, 'B8E4DB67-DD6B-4BF4-883E-A20167AB6F4E', '1590ab3c540c0454f5ce240c7187d5a8ce902dc07d77d5b3acca119ad22c3c3e', 0, '2018-03-19 08:51:23'),
(83, 340, 1, 'B8E4DB67-DD6B-4BF4-883E-A20167AB6F4E', '1590ab3c540c0454f5ce240c7187d5a8ce902dc07d77d5b3acca119ad22c3c3e', 0, '2018-03-19 08:52:08'),
(84, 338, 1, 'B8E4DB67-DD6B-4BF4-883E-A20167AB6F4E', '1590ab3c540c0454f5ce240c7187d5a8ce902dc07d77d5b3acca119ad22c3c3e', 0, '2018-03-19 08:52:37'),
(85, 337, 1, 'B8E4DB67-DD6B-4BF4-883E-A20167AB6F4E', '1590ab3c540c0454f5ce240c7187d5a8ce902dc07d77d5b3acca119ad22c3c3e', 0, '2018-03-19 08:53:06'),
(86, 338, 1, 'B8E4DB67-DD6B-4BF4-883E-A20167AB6F4E', '1590ab3c540c0454f5ce240c7187d5a8ce902dc07d77d5b3acca119ad22c3c3e', 0, '2018-03-19 08:56:19'),
(87, 340, 1, 'B8E4DB67-DD6B-4BF4-883E-A20167AB6F4E', '1590ab3c540c0454f5ce240c7187d5a8ce902dc07d77d5b3acca119ad22c3c3e', 0, '2018-03-19 08:58:31'),
(88, 338, 1, 'B8E4DB67-DD6B-4BF4-883E-A20167AB6F4E', '1590ab3c540c0454f5ce240c7187d5a8ce902dc07d77d5b3acca119ad22c3c3e', 0, '2018-03-19 09:00:39'),
(89, 340, 1, 'B8E4DB67-DD6B-4BF4-883E-A20167AB6F4E', '1590ab3c540c0454f5ce240c7187d5a8ce902dc07d77d5b3acca119ad22c3c3e', 0, '2018-03-19 09:01:51'),
(90, 232, 1, '30135124-6261-4806-A515-0B900DBA977E', 'df282a77e7796a980afdefe3ee8abc0b0a0c53c7be9b268220c89af5db431d91', 0, '2018-03-19 09:03:22'),
(91, 337, 1, 'B8E4DB67-DD6B-4BF4-883E-A20167AB6F4E', '1590ab3c540c0454f5ce240c7187d5a8ce902dc07d77d5b3acca119ad22c3c3e', 0, '2018-03-19 09:04:13'),
(92, 338, 1, 'B8E4DB67-DD6B-4BF4-883E-A20167AB6F4E', '1590ab3c540c0454f5ce240c7187d5a8ce902dc07d77d5b3acca119ad22c3c3e', 0, '2018-03-19 09:19:00'),
(93, 337, 1, 'B8E4DB67-DD6B-4BF4-883E-A20167AB6F4E', '1590ab3c540c0454f5ce240c7187d5a8ce902dc07d77d5b3acca119ad22c3c3e', 0, '2018-03-19 09:19:18'),
(94, 338, 1, 'B8E4DB67-DD6B-4BF4-883E-A20167AB6F4E', '1590ab3c540c0454f5ce240c7187d5a8ce902dc07d77d5b3acca119ad22c3c3e', 0, '2018-03-19 09:30:13'),
(95, 340, 1, 'B8E4DB67-DD6B-4BF4-883E-A20167AB6F4E', '1590ab3c540c0454f5ce240c7187d5a8ce902dc07d77d5b3acca119ad22c3c3e', 0, '2018-03-19 09:31:24'),
(96, 337, 1, 'B8E4DB67-DD6B-4BF4-883E-A20167AB6F4E', '1590ab3c540c0454f5ce240c7187d5a8ce902dc07d77d5b3acca119ad22c3c3e', 0, '2018-03-19 09:32:10'),
(97, 232, 1, '7A28F45A-F52E-442A-84D0-EF216034FF37', '', 0, '2018-03-19 09:40:10'),
(98, 256, 1, 'B8E4DB67-DD6B-4BF4-883E-A20167AB6F4E', '1590ab3c540c0454f5ce240c7187d5a8ce902dc07d77d5b3acca119ad22c3c3e', 0, '2018-03-19 12:23:37'),
(99, 334, 1, '30135124-6261-4806-A515-0B900DBA977E', 'df282a77e7796a980afdefe3ee8abc0b0a0c53c7be9b268220c89af5db431d91', 0, '2018-03-19 12:24:33'),
(100, 256, 1, '30135124-6261-4806-A515-0B900DBA977E', 'df282a77e7796a980afdefe3ee8abc0b0a0c53c7be9b268220c89af5db431d91', 0, '2018-03-19 12:31:10'),
(101, 256, 1, '30135124-6261-4806-A515-0B900DBA977E', 'df282a77e7796a980afdefe3ee8abc0b0a0c53c7be9b268220c89af5db431d91', 0, '2018-03-19 13:06:38'),
(102, 334, 1, 'B8E4DB67-DD6B-4BF4-883E-A20167AB6F4E', '1590ab3c540c0454f5ce240c7187d5a8ce902dc07d77d5b3acca119ad22c3c3e', 0, '2018-03-19 13:07:10'),
(103, 256, 1, '30135124-6261-4806-A515-0B900DBA977E', 'df282a77e7796a980afdefe3ee8abc0b0a0c53c7be9b268220c89af5db431d91', 0, '2018-03-19 13:07:31'),
(104, 256, 1, '30135124-6261-4806-A515-0B900DBA977E', 'df282a77e7796a980afdefe3ee8abc0b0a0c53c7be9b268220c89af5db431d91', 0, '2018-03-19 13:38:41'),
(105, 256, 1, '30135124-6261-4806-A515-0B900DBA977E', 'df282a77e7796a980afdefe3ee8abc0b0a0c53c7be9b268220c89af5db431d91', 0, '2018-03-19 13:39:41'),
(106, 256, 1, 'BBB7FB6F-D721-4EFE-B18E-985FA94FD007', '6c78864019af23f06b9e55072733a392f0fe55bd3f07a98b9decfe97298907c2', 0, '2018-03-19 13:40:05'),
(107, 334, 1, '30135124-6261-4806-A515-0B900DBA977E', 'df282a77e7796a980afdefe3ee8abc0b0a0c53c7be9b268220c89af5db431d91', 0, '2018-03-19 13:40:34'),
(108, 334, 1, '30135124-6261-4806-A515-0B900DBA977E', 'df282a77e7796a980afdefe3ee8abc0b0a0c53c7be9b268220c89af5db431d91', 0, '2018-03-19 13:41:47'),
(109, 335, 1, 'BBB7FB6F-D721-4EFE-B18E-985FA94FD007', '6c78864019af23f06b9e55072733a392f0fe55bd3f07a98b9decfe97298907c2', 0, '2018-03-19 13:42:58'),
(110, 335, 1, 'BBB7FB6F-D721-4EFE-B18E-985FA94FD007', '6c78864019af23f06b9e55072733a392f0fe55bd3f07a98b9decfe97298907c2', 0, '2018-03-19 13:43:47'),
(111, 335, 1, 'BBB7FB6F-D721-4EFE-B18E-985FA94FD007', '6c78864019af23f06b9e55072733a392f0fe55bd3f07a98b9decfe97298907c2', 0, '2018-03-19 13:45:53'),
(112, 335, 1, 'BBB7FB6F-D721-4EFE-B18E-985FA94FD007', '6c78864019af23f06b9e55072733a392f0fe55bd3f07a98b9decfe97298907c2', 0, '2018-03-19 13:47:14'),
(113, 335, 1, 'BBB7FB6F-D721-4EFE-B18E-985FA94FD007', '6c78864019af23f06b9e55072733a392f0fe55bd3f07a98b9decfe97298907c2', 0, '2018-03-19 13:47:50'),
(114, 341, 1, '30135124-6261-4806-A515-0B900DBA977E', 'df282a77e7796a980afdefe3ee8abc0b0a0c53c7be9b268220c89af5db431d91', 0, '2018-03-19 13:49:08'),
(115, 256, 1, '30135124-6261-4806-A515-0B900DBA977E', 'df282a77e7796a980afdefe3ee8abc0b0a0c53c7be9b268220c89af5db431d91', 0, '2018-03-19 13:49:32'),
(116, 255, 1, 'B8E4DB67-DD6B-4BF4-883E-A20167AB6F4E', '1590ab3c540c0454f5ce240c7187d5a8ce902dc07d77d5b3acca119ad22c3c3e', 0, '2018-03-20 04:13:41'),
(117, 342, 1, 'B8E4DB67-DD6B-4BF4-883E-A20167AB6F4E', '1590ab3c540c0454f5ce240c7187d5a8ce902dc07d77d5b3acca119ad22c3c3e', 0, '2018-03-20 04:23:19'),
(118, 256, 1, 'B8E4DB67-DD6B-4BF4-883E-A20167AB6F4E', '1590ab3c540c0454f5ce240c7187d5a8ce902dc07d77d5b3acca119ad22c3c3e', 0, '2018-03-20 04:23:57'),
(119, 342, 1, 'BBB7FB6F-D721-4EFE-B18E-985FA94FD007', '6c78864019af23f06b9e55072733a392f0fe55bd3f07a98b9decfe97298907c2', 0, '2018-03-20 04:47:58'),
(120, 256, 1, 'BBB7FB6F-D721-4EFE-B18E-985FA94FD007', '6c78864019af23f06b9e55072733a392f0fe55bd3f07a98b9decfe97298907c2', 0, '2018-03-20 04:48:43'),
(121, 232, 1, 'B8E4DB67-DD6B-4BF4-883E-A20167AB6F4E', '1590ab3c540c0454f5ce240c7187d5a8ce902dc07d77d5b3acca119ad22c3c3e', 0, '2018-03-20 04:49:05'),
(122, 256, 1, 'BBB7FB6F-D721-4EFE-B18E-985FA94FD007', '6c78864019af23f06b9e55072733a392f0fe55bd3f07a98b9decfe97298907c2', 0, '2018-03-20 04:50:22'),
(123, 256, 1, 'BBB7FB6F-D721-4EFE-B18E-985FA94FD007', '6c78864019af23f06b9e55072733a392f0fe55bd3f07a98b9decfe97298907c2', 0, '2018-03-20 04:51:32'),
(124, 232, 1, 'B8E4DB67-DD6B-4BF4-883E-A20167AB6F4E', '1590ab3c540c0454f5ce240c7187d5a8ce902dc07d77d5b3acca119ad22c3c3e', 0, '2018-03-20 04:51:44'),
(125, 232, 1, 'B8E4DB67-DD6B-4BF4-883E-A20167AB6F4E', '1590ab3c540c0454f5ce240c7187d5a8ce902dc07d77d5b3acca119ad22c3c3e', 0, '2018-03-20 04:51:53'),
(126, 335, 1, 'B8E4DB67-DD6B-4BF4-883E-A20167AB6F4E', '1590ab3c540c0454f5ce240c7187d5a8ce902dc07d77d5b3acca119ad22c3c3e', 0, '2018-03-20 04:52:07'),
(127, 335, 1, 'B8E4DB67-DD6B-4BF4-883E-A20167AB6F4E', '1590ab3c540c0454f5ce240c7187d5a8ce902dc07d77d5b3acca119ad22c3c3e', 0, '2018-03-20 04:53:39'),
(128, 256, 1, '2E200129-A10F-4C85-8FC4-C07E34A6BD98', '6fb6d638d7f8d99299e32a097e5a577d46e3885dc077e67b4e9fb9662b5dab7d', 0, '2018-03-20 04:54:06'),
(129, 335, 1, 'B8E4DB67-DD6B-4BF4-883E-A20167AB6F4E', '1590ab3c540c0454f5ce240c7187d5a8ce902dc07d77d5b3acca119ad22c3c3e', 0, '2018-03-20 04:57:36'),
(130, 343, 1, '2E200129-A10F-4C85-8FC4-C07E34A6BD98', '6fb6d638d7f8d99299e32a097e5a577d46e3885dc077e67b4e9fb9662b5dab7d', 0, '2018-03-20 04:59:17'),
(131, 344, 1, '2E200129-A10F-4C85-8FC4-C07E34A6BD98', '6fb6d638d7f8d99299e32a097e5a577d46e3885dc077e67b4e9fb9662b5dab7d', 0, '2018-03-20 05:00:49'),
(132, 345, 1, 'B8E4DB67-DD6B-4BF4-883E-A20167AB6F4E', '1590ab3c540c0454f5ce240c7187d5a8ce902dc07d77d5b3acca119ad22c3c3e', 0, '2018-03-20 05:01:06'),
(133, 344, 1, '2E200129-A10F-4C85-8FC4-C07E34A6BD98', '6fb6d638d7f8d99299e32a097e5a577d46e3885dc077e67b4e9fb9662b5dab7d', 0, '2018-03-20 05:03:41'),
(134, 345, 1, 'B8E4DB67-DD6B-4BF4-883E-A20167AB6F4E', '1590ab3c540c0454f5ce240c7187d5a8ce902dc07d77d5b3acca119ad22c3c3e', 0, '2018-03-20 05:03:55'),
(135, 345, 1, 'B8E4DB67-DD6B-4BF4-883E-A20167AB6F4E', '1590ab3c540c0454f5ce240c7187d5a8ce902dc07d77d5b3acca119ad22c3c3e', 0, '2018-03-20 05:04:20'),
(136, 345, 1, 'B8E4DB67-DD6B-4BF4-883E-A20167AB6F4E', '1590ab3c540c0454f5ce240c7187d5a8ce902dc07d77d5b3acca119ad22c3c3e', 0, '2018-03-20 05:19:47'),
(137, 346, 1, '7A28F45A-F52E-442A-84D0-EF216034FF37', '', 0, '2018-03-20 05:23:27'),
(138, 345, 1, 'B8E4DB67-DD6B-4BF4-883E-A20167AB6F4E', '1590ab3c540c0454f5ce240c7187d5a8ce902dc07d77d5b3acca119ad22c3c3e', 0, '2018-03-20 05:24:19'),
(139, 346, 1, '30135124-6261-4806-A515-0B900DBA977E', 'df282a77e7796a980afdefe3ee8abc0b0a0c53c7be9b268220c89af5db431d91', 0, '2018-03-20 05:28:44'),
(140, 345, 1, 'B8E4DB67-DD6B-4BF4-883E-A20167AB6F4E', '1590ab3c540c0454f5ce240c7187d5a8ce902dc07d77d5b3acca119ad22c3c3e', 0, '2018-03-20 05:29:15'),
(141, 346, 1, '30135124-6261-4806-A515-0B900DBA977E', 'df282a77e7796a980afdefe3ee8abc0b0a0c53c7be9b268220c89af5db431d91', 0, '2018-03-20 05:38:31'),
(142, 346, 1, '30135124-6261-4806-A515-0B900DBA977E', 'df282a77e7796a980afdefe3ee8abc0b0a0c53c7be9b268220c89af5db431d91', 0, '2018-03-20 05:39:27'),
(143, 346, 1, '30135124-6261-4806-A515-0B900DBA977E', 'df282a77e7796a980afdefe3ee8abc0b0a0c53c7be9b268220c89af5db431d91', 0, '2018-03-20 05:41:23'),
(144, 347, 1, '30135124-6261-4806-A515-0B900DBA977E', 'df282a77e7796a980afdefe3ee8abc0b0a0c53c7be9b268220c89af5db431d91', 0, '2018-03-20 05:42:29'),
(145, 347, 1, '30135124-6261-4806-A515-0B900DBA977E', 'df282a77e7796a980afdefe3ee8abc0b0a0c53c7be9b268220c89af5db431d91', 1, '2018-03-20 05:43:16'),
(146, 346, 1, '30135124-6261-4806-A515-0B900DBA977E', 'df282a77e7796a980afdefe3ee8abc0b0a0c53c7be9b268220c89af5db431d91', 0, '2018-03-20 06:00:13'),
(147, 345, 1, 'B8E4DB67-DD6B-4BF4-883E-A20167AB6F4E', '1590ab3c540c0454f5ce240c7187d5a8ce902dc07d77d5b3acca119ad22c3c3e', 0, '2018-03-20 06:02:05'),
(148, 346, 1, 'B8E4DB67-DD6B-4BF4-883E-A20167AB6F4E', '1590ab3c540c0454f5ce240c7187d5a8ce902dc07d77d5b3acca119ad22c3c3e', 0, '2018-03-20 06:23:57'),
(149, 344, 1, 'B8E4DB67-DD6B-4BF4-883E-A20167AB6F4E', '1590ab3c540c0454f5ce240c7187d5a8ce902dc07d77d5b3acca119ad22c3c3e', 0, '2018-03-20 06:29:52'),
(150, 345, 1, '30135124-6261-4806-A515-0B900DBA977E', 'df282a77e7796a980afdefe3ee8abc0b0a0c53c7be9b268220c89af5db431d91', 1, '2018-03-20 06:32:35'),
(151, 346, 1, 'B8E4DB67-DD6B-4BF4-883E-A20167AB6F4E', '1590ab3c540c0454f5ce240c7187d5a8ce902dc07d77d5b3acca119ad22c3c3e', 0, '2018-03-20 06:32:51'),
(152, 232, 1, '7A28F45A-F52E-442A-84D0-EF216034FF37', '', 0, '2018-03-20 06:59:20'),
(153, 232, 1, '30135124-6261-4806-A515-0B900DBA977E', 'df282a77e7796a980afdefe3ee8abc0b0a0c53c7be9b268220c89af5db431d91', 0, '2018-03-20 09:03:43'),
(154, 348, 1, '30135124-6261-4806-A515-0B900DBA977E', 'df282a77e7796a980afdefe3ee8abc0b0a0c53c7be9b268220c89af5db431d91', 0, '2018-03-20 09:52:27'),
(155, 232, 1, '30135124-6261-4806-A515-0B900DBA977E', 'df282a77e7796a980afdefe3ee8abc0b0a0c53c7be9b268220c89af5db431d91', 0, '2018-03-20 09:53:30'),
(156, 334, 1, '30135124-6261-4806-A515-0B900DBA977E', 'df282a77e7796a980afdefe3ee8abc0b0a0c53c7be9b268220c89af5db431d91', 0, '2018-03-20 09:54:24'),
(157, 335, 1, 'B8E4DB67-DD6B-4BF4-883E-A20167AB6F4E', '1590ab3c540c0454f5ce240c7187d5a8ce902dc07d77d5b3acca119ad22c3c3e', 0, '2018-03-20 10:14:22'),
(158, 232, 1, '30135124-6261-4806-A515-0B900DBA977E', 'df282a77e7796a980afdefe3ee8abc0b0a0c53c7be9b268220c89af5db431d91', 0, '2018-03-20 11:36:20'),
(159, 349, 1, '30135124-6261-4806-A515-0B900DBA977E', 'df282a77e7796a980afdefe3ee8abc0b0a0c53c7be9b268220c89af5db431d91', 1, '2018-03-21 04:24:59'),
(160, 232, 1, '30135124-6261-4806-A515-0B900DBA977E', 'df282a77e7796a980afdefe3ee8abc0b0a0c53c7be9b268220c89af5db431d91', 0, '2018-03-21 04:33:39'),
(161, 232, 1, '30135124-6261-4806-A515-0B900DBA977E', 'df282a77e7796a980afdefe3ee8abc0b0a0c53c7be9b268220c89af5db431d91', 0, '2018-03-21 04:33:46'),
(162, 309, 1, '30135124-6261-4806-A515-0B900DBA977E', 'df282a77e7796a980afdefe3ee8abc0b0a0c53c7be9b268220c89af5db431d91', 0, '2018-03-21 04:34:02'),
(163, 309, 1, '30135124-6261-4806-A515-0B900DBA977E', 'df282a77e7796a980afdefe3ee8abc0b0a0c53c7be9b268220c89af5db431d91', 0, '2018-03-21 04:35:20'),
(164, 309, 1, '30135124-6261-4806-A515-0B900DBA977E', 'df282a77e7796a980afdefe3ee8abc0b0a0c53c7be9b268220c89af5db431d91', 0, '2018-03-21 04:40:59'),
(165, 350, 1, '30135124-6261-4806-A515-0B900DBA977E', 'df282a77e7796a980afdefe3ee8abc0b0a0c53c7be9b268220c89af5db431d91', 0, '2018-03-21 04:57:02'),
(166, 350, 1, '30135124-6261-4806-A515-0B900DBA977E', 'df282a77e7796a980afdefe3ee8abc0b0a0c53c7be9b268220c89af5db431d91', 0, '2018-03-21 04:57:17'),
(167, 350, 1, '30135124-6261-4806-A515-0B900DBA977E', 'df282a77e7796a980afdefe3ee8abc0b0a0c53c7be9b268220c89af5db431d91', 0, '2018-03-21 05:00:54'),
(168, 350, 1, '30135124-6261-4806-A515-0B900DBA977E', 'df282a77e7796a980afdefe3ee8abc0b0a0c53c7be9b268220c89af5db431d91', 0, '2018-03-21 05:03:00'),
(169, 256, 1, '30135124-6261-4806-A515-0B900DBA977E', 'df282a77e7796a980afdefe3ee8abc0b0a0c53c7be9b268220c89af5db431d91', 0, '2018-03-21 05:03:22'),
(170, 351, 1, '30135124-6261-4806-A515-0B900DBA977E', 'df282a77e7796a980afdefe3ee8abc0b0a0c53c7be9b268220c89af5db431d91', 1, '2018-03-21 05:06:11'),
(171, 256, 1, '30135124-6261-4806-A515-0B900DBA977E', 'df282a77e7796a980afdefe3ee8abc0b0a0c53c7be9b268220c89af5db431d91', 0, '2018-03-21 05:08:32'),
(172, 350, 1, '30135124-6261-4806-A515-0B900DBA977E', 'df282a77e7796a980afdefe3ee8abc0b0a0c53c7be9b268220c89af5db431d91', 0, '2018-03-21 05:09:39'),
(173, 256, 1, '30135124-6261-4806-A515-0B900DBA977E', 'df282a77e7796a980afdefe3ee8abc0b0a0c53c7be9b268220c89af5db431d91', 0, '2018-03-21 05:13:14'),
(174, 309, 1, '30135124-6261-4806-A515-0B900DBA977E', 'df282a77e7796a980afdefe3ee8abc0b0a0c53c7be9b268220c89af5db431d91', 0, '2018-03-21 05:18:12'),
(175, 309, 1, '30135124-6261-4806-A515-0B900DBA977E', 'df282a77e7796a980afdefe3ee8abc0b0a0c53c7be9b268220c89af5db431d91', 0, '2018-03-21 05:24:06'),
(176, 309, 1, '30135124-6261-4806-A515-0B900DBA977E', 'df282a77e7796a980afdefe3ee8abc0b0a0c53c7be9b268220c89af5db431d91', 0, '2018-03-21 05:27:17'),
(177, 344, 1, '30135124-6261-4806-A515-0B900DBA977E', 'df282a77e7796a980afdefe3ee8abc0b0a0c53c7be9b268220c89af5db431d91', 0, '2018-03-21 05:27:35'),
(178, 352, 1, '30135124-6261-4806-A515-0B900DBA977E', 'df282a77e7796a980afdefe3ee8abc0b0a0c53c7be9b268220c89af5db431d91', 1, '2018-03-21 05:28:08'),
(179, 344, 1, '30135124-6261-4806-A515-0B900DBA977E', 'df282a77e7796a980afdefe3ee8abc0b0a0c53c7be9b268220c89af5db431d91', 0, '2018-03-21 06:19:43'),
(180, 309, 1, '30135124-6261-4806-A515-0B900DBA977E', 'df282a77e7796a980afdefe3ee8abc0b0a0c53c7be9b268220c89af5db431d91', 0, '2018-03-21 06:24:47'),
(181, 353, 1, '30135124-6261-4806-A515-0B900DBA977E', 'df282a77e7796a980afdefe3ee8abc0b0a0c53c7be9b268220c89af5db431d91', 0, '2018-03-21 06:28:33'),
(182, 232, 1, '30135124-6261-4806-A515-0B900DBA977E', 'df282a77e7796a980afdefe3ee8abc0b0a0c53c7be9b268220c89af5db431d91', 0, '2018-03-21 06:48:29'),
(183, 354, 1, '30135124-6261-4806-A515-0B900DBA977E', 'df282a77e7796a980afdefe3ee8abc0b0a0c53c7be9b268220c89af5db431d91', 0, '2018-03-21 07:27:52'),
(184, 232, 1, '30135124-6261-4806-A515-0B900DBA977E', 'df282a77e7796a980afdefe3ee8abc0b0a0c53c7be9b268220c89af5db431d91', 0, '2018-03-21 07:28:48'),
(185, 232, 1, '30135124-6261-4806-A515-0B900DBA977E', 'df282a77e7796a980afdefe3ee8abc0b0a0c53c7be9b268220c89af5db431d91', 0, '2018-03-21 07:32:29'),
(186, 232, 1, '30135124-6261-4806-A515-0B900DBA977E', 'df282a77e7796a980afdefe3ee8abc0b0a0c53c7be9b268220c89af5db431d91', 0, '2018-03-21 08:56:23'),
(187, 232, 1, '30135124-6261-4806-A515-0B900DBA977E', 'df282a77e7796a980afdefe3ee8abc0b0a0c53c7be9b268220c89af5db431d91', 0, '2018-03-21 08:58:11'),
(188, 232, 1, '30135124-6261-4806-A515-0B900DBA977E', 'df282a77e7796a980afdefe3ee8abc0b0a0c53c7be9b268220c89af5db431d91', 0, '2018-03-21 09:00:13'),
(189, 232, 1, '30135124-6261-4806-A515-0B900DBA977E', 'df282a77e7796a980afdefe3ee8abc0b0a0c53c7be9b268220c89af5db431d91', 0, '2018-03-21 09:06:10'),
(190, 232, 1, '30135124-6261-4806-A515-0B900DBA977E', 'df282a77e7796a980afdefe3ee8abc0b0a0c53c7be9b268220c89af5db431d91', 0, '2018-03-21 09:07:43'),
(191, 355, 1, 'B8E4DB67-DD6B-4BF4-883E-A20167AB6F4E', '1590ab3c540c0454f5ce240c7187d5a8ce902dc07d77d5b3acca119ad22c3c3e', 0, '2018-03-21 09:13:35'),
(192, 356, 1, '30135124-6261-4806-A515-0B900DBA977E', 'df282a77e7796a980afdefe3ee8abc0b0a0c53c7be9b268220c89af5db431d91', 0, '2018-03-21 09:16:22'),
(193, 355, 1, 'B8E4DB67-DD6B-4BF4-883E-A20167AB6F4E', '1590ab3c540c0454f5ce240c7187d5a8ce902dc07d77d5b3acca119ad22c3c3e', 0, '2018-03-21 09:18:15'),
(194, 356, 1, '30135124-6261-4806-A515-0B900DBA977E', 'df282a77e7796a980afdefe3ee8abc0b0a0c53c7be9b268220c89af5db431d91', 0, '2018-03-21 09:18:31'),
(195, 357, 1, 'B8E4DB67-DD6B-4BF4-883E-A20167AB6F4E', '1590ab3c540c0454f5ce240c7187d5a8ce902dc07d77d5b3acca119ad22c3c3e', 0, '2018-03-21 09:21:43'),
(196, 358, 1, 'B8E4DB67-DD6B-4BF4-883E-A20167AB6F4E', '1590ab3c540c0454f5ce240c7187d5a8ce902dc07d77d5b3acca119ad22c3c3e', 0, '2018-03-21 09:23:25'),
(197, 356, 1, '30135124-6261-4806-A515-0B900DBA977E', 'df282a77e7796a980afdefe3ee8abc0b0a0c53c7be9b268220c89af5db431d91', 0, '2018-03-21 09:24:05'),
(198, 356, 1, '30135124-6261-4806-A515-0B900DBA977E', 'df282a77e7796a980afdefe3ee8abc0b0a0c53c7be9b268220c89af5db431d91', 0, '2018-03-21 09:32:00'),
(199, 356, 1, '30135124-6261-4806-A515-0B900DBA977E', 'df282a77e7796a980afdefe3ee8abc0b0a0c53c7be9b268220c89af5db431d91', 0, '2018-03-21 09:33:48'),
(200, 356, 1, '30135124-6261-4806-A515-0B900DBA977E', 'df282a77e7796a980afdefe3ee8abc0b0a0c53c7be9b268220c89af5db431d91', 0, '2018-03-21 09:36:02'),
(201, 359, 1, 'B8E4DB67-DD6B-4BF4-883E-A20167AB6F4E', '1590ab3c540c0454f5ce240c7187d5a8ce902dc07d77d5b3acca119ad22c3c3e', 0, '2018-03-21 09:44:33'),
(202, 360, 1, '30135124-6261-4806-A515-0B900DBA977E', 'df282a77e7796a980afdefe3ee8abc0b0a0c53c7be9b268220c89af5db431d91', 1, '2018-03-21 09:45:09'),
(203, 361, 1, 'B8E4DB67-DD6B-4BF4-883E-A20167AB6F4E', '1590ab3c540c0454f5ce240c7187d5a8ce902dc07d77d5b3acca119ad22c3c3e', 0, '2018-03-21 09:58:06'),
(204, 361, 1, 'B8E4DB67-DD6B-4BF4-883E-A20167AB6F4E', '1590ab3c540c0454f5ce240c7187d5a8ce902dc07d77d5b3acca119ad22c3c3e', 0, '2018-03-21 09:59:52'),
(205, 361, 1, 'B8E4DB67-DD6B-4BF4-883E-A20167AB6F4E', '1590ab3c540c0454f5ce240c7187d5a8ce902dc07d77d5b3acca119ad22c3c3e', 0, '2018-03-21 10:00:01'),
(206, 361, 1, 'B8E4DB67-DD6B-4BF4-883E-A20167AB6F4E', '1590ab3c540c0454f5ce240c7187d5a8ce902dc07d77d5b3acca119ad22c3c3e', 0, '2018-03-21 10:06:49'),
(207, 356, 1, '30135124-6261-4806-A515-0B900DBA977E', 'df282a77e7796a980afdefe3ee8abc0b0a0c53c7be9b268220c89af5db431d91', 0, '2018-03-21 10:08:23'),
(208, 362, 1, 'B8E4DB67-DD6B-4BF4-883E-A20167AB6F4E', '1590ab3c540c0454f5ce240c7187d5a8ce902dc07d77d5b3acca119ad22c3c3e', 0, '2018-03-21 10:10:57'),
(209, 362, 1, 'B8E4DB67-DD6B-4BF4-883E-A20167AB6F4E', '1590ab3c540c0454f5ce240c7187d5a8ce902dc07d77d5b3acca119ad22c3c3e', 0, '2018-03-21 10:11:37'),
(210, 363, 1, '30135124-6261-4806-A515-0B900DBA977E', 'df282a77e7796a980afdefe3ee8abc0b0a0c53c7be9b268220c89af5db431d91', 1, '2018-03-21 10:12:22'),
(211, 337, 1, 'B8E4DB67-DD6B-4BF4-883E-A20167AB6F4E', '1590ab3c540c0454f5ce240c7187d5a8ce902dc07d77d5b3acca119ad22c3c3e', 0, '2018-03-21 10:38:26'),
(212, 232, 1, '30135124-6261-4806-A515-0B900DBA977E', 'df282a77e7796a980afdefe3ee8abc0b0a0c53c7be9b268220c89af5db431d91', 0, '2018-03-21 10:41:01'),
(213, 340, 1, 'B8E4DB67-DD6B-4BF4-883E-A20167AB6F4E', '1590ab3c540c0454f5ce240c7187d5a8ce902dc07d77d5b3acca119ad22c3c3e', 0, '2018-03-21 10:44:04'),
(214, 338, 1, 'B8E4DB67-DD6B-4BF4-883E-A20167AB6F4E', '1590ab3c540c0454f5ce240c7187d5a8ce902dc07d77d5b3acca119ad22c3c3e', 0, '2018-03-21 10:44:26'),
(215, 364, 1, 'B8E4DB67-DD6B-4BF4-883E-A20167AB6F4E', '1590ab3c540c0454f5ce240c7187d5a8ce902dc07d77d5b3acca119ad22c3c3e', 0, '2018-03-21 10:54:04'),
(216, 336, 1, 'B8E4DB67-DD6B-4BF4-883E-A20167AB6F4E', '1590ab3c540c0454f5ce240c7187d5a8ce902dc07d77d5b3acca119ad22c3c3e', 0, '2018-03-21 10:55:34'),
(217, 336, 1, 'B8E4DB67-DD6B-4BF4-883E-A20167AB6F4E', '1590ab3c540c0454f5ce240c7187d5a8ce902dc07d77d5b3acca119ad22c3c3e', 0, '2018-03-21 10:56:52'),
(218, 364, 1, 'B8E4DB67-DD6B-4BF4-883E-A20167AB6F4E', '1590ab3c540c0454f5ce240c7187d5a8ce902dc07d77d5b3acca119ad22c3c3e', 0, '2018-03-21 10:59:49'),
(219, 365, 1, 'B8E4DB67-DD6B-4BF4-883E-A20167AB6F4E', '1590ab3c540c0454f5ce240c7187d5a8ce902dc07d77d5b3acca119ad22c3c3e', 0, '2018-03-21 11:11:44'),
(220, 365, 1, 'B8E4DB67-DD6B-4BF4-883E-A20167AB6F4E', '1590ab3c540c0454f5ce240c7187d5a8ce902dc07d77d5b3acca119ad22c3c3e', 0, '2018-03-21 11:17:53'),
(221, 365, 1, 'B8E4DB67-DD6B-4BF4-883E-A20167AB6F4E', '1590ab3c540c0454f5ce240c7187d5a8ce902dc07d77d5b3acca119ad22c3c3e', 0, '2018-03-21 11:19:41'),
(222, 365, 1, 'B8E4DB67-DD6B-4BF4-883E-A20167AB6F4E', '1590ab3c540c0454f5ce240c7187d5a8ce902dc07d77d5b3acca119ad22c3c3e', 0, '2018-03-21 11:22:26'),
(223, 366, 1, '30135124-6261-4806-A515-0B900DBA977E', 'df282a77e7796a980afdefe3ee8abc0b0a0c53c7be9b268220c89af5db431d91', 1, '2018-03-21 11:45:36'),
(224, 367, 1, '30135124-6261-4806-A515-0B900DBA977E', 'df282a77e7796a980afdefe3ee8abc0b0a0c53c7be9b268220c89af5db431d91', 1, '2018-03-21 12:05:39'),
(225, 368, 1, '30135124-6261-4806-A515-0B900DBA977E', 'df282a77e7796a980afdefe3ee8abc0b0a0c53c7be9b268220c89af5db431d91', 0, '2018-03-21 12:19:40'),
(226, 368, 1, '30135124-6261-4806-A515-0B900DBA977E', 'df282a77e7796a980afdefe3ee8abc0b0a0c53c7be9b268220c89af5db431d91', 0, '2018-03-21 12:24:12'),
(227, 369, 1, '7A28F45A-F52E-442A-84D0-EF216034FF37', '', 0, '2018-03-21 13:52:21'),
(228, 370, 1, '30135124-6261-4806-A515-0B900DBA977E', 'df282a77e7796a980afdefe3ee8abc0b0a0c53c7be9b268220c89af5db431d91', 1, '2018-03-22 04:23:17'),
(229, 368, 1, 'B8399543-5ED4-4986-862D-9D8BB36DE544', '76b635c004bd028156ac617122ea20dbd6feabb52663900495c36fb31abc7ad3', 0, '2018-03-22 04:27:18'),
(230, 371, 1, 'B8399543-5ED4-4986-862D-9D8BB36DE544', '76b635c004bd028156ac617122ea20dbd6feabb52663900495c36fb31abc7ad3', 0, '2018-03-22 05:11:39'),
(231, 337, 1, 'B8E4DB67-DD6B-4BF4-883E-A20167AB6F4E', '1590ab3c540c0454f5ce240c7187d5a8ce902dc07d77d5b3acca119ad22c3c3e', 0, '2018-03-22 05:41:40'),
(233, 255, 1, 'B8399543-5ED4-4986-862D-9D8BB36DE544', '76b635c004bd028156ac617122ea20dbd6feabb52663900495c36fb31abc7ad3', 0, '2018-03-22 06:48:19'),
(234, 334, 1, 'B8399543-5ED4-4986-862D-9D8BB36DE544', '76b635c004bd028156ac617122ea20dbd6feabb52663900495c36fb31abc7ad3', 0, '2018-03-22 07:21:02'),
(235, 255, 1, '7A28F45A-F52E-442A-84D0-EF216034FF37', '', 0, '2018-03-22 09:01:51'),
(236, 334, 1, '7A28F45A-F52E-442A-84D0-EF216034FF37', '', 0, '2018-03-22 09:02:25'),
(237, 255, 1, '707B09B7-90C0-4221-98FE-23C1FD8C69D7', '', 0, '2018-03-22 09:24:47'),
(238, 372, 1, '707B09B7-90C0-4221-98FE-23C1FD8C69D7', '', 0, '2018-03-22 09:39:02'),
(239, 373, 1, '707B09B7-90C0-4221-98FE-23C1FD8C69D7', '', 0, '2018-03-22 10:13:57'),
(240, 374, 1, '707B09B7-90C0-4221-98FE-23C1FD8C69D7', '', 0, '2018-03-22 10:43:29'),
(241, 375, 1, '707B09B7-90C0-4221-98FE-23C1FD8C69D7', '', 1, '2018-03-23 06:15:19'),
(242, 376, 1, 'B8399543-5ED4-4986-862D-9D8BB36DE544', '76b635c004bd028156ac617122ea20dbd6feabb52663900495c36fb31abc7ad3', 0, '2018-03-23 06:34:28'),
(243, 377, 1, 'B8E4DB67-DD6B-4BF4-883E-A20167AB6F4E', '1590ab3c540c0454f5ce240c7187d5a8ce902dc07d77d5b3acca119ad22c3c3e', 0, '2018-03-23 07:21:35'),
(244, 378, 1, 'B8E4DB67-DD6B-4BF4-883E-A20167AB6F4E', '1590ab3c540c0454f5ce240c7187d5a8ce902dc07d77d5b3acca119ad22c3c3e', 0, '2018-03-23 07:23:08'),
(245, 378, 1, 'B8E4DB67-DD6B-4BF4-883E-A20167AB6F4E', '1590ab3c540c0454f5ce240c7187d5a8ce902dc07d77d5b3acca119ad22c3c3e', 0, '2018-03-23 07:31:10'),
(246, 377, 1, '2E200129-A10F-4C85-8FC4-C07E34A6BD98', '6fb6d638d7f8d99299e32a097e5a577d46e3885dc077e67b4e9fb9662b5dab7d', 0, '2018-03-23 07:33:15'),
(247, 379, 1, 'B5A9F214-1CA4-48A6-BBDE-2E409C6E8102', '0605e76bf5b8db35f80dfcfd2e9bfecb5f595fd9986200933cd3ddf72bad01f3', 0, '2018-03-23 12:35:59'),
(248, 380, 1, 'B5A9F214-1CA4-48A6-BBDE-2E409C6E8102', '0605e76bf5b8db35f80dfcfd2e9bfecb5f595fd9986200933cd3ddf72bad01f3', 0, '2018-03-23 12:37:49'),
(249, 379, 1, 'B5A9F214-1CA4-48A6-BBDE-2E409C6E8102', '0605e76bf5b8db35f80dfcfd2e9bfecb5f595fd9986200933cd3ddf72bad01f3', 0, '2018-03-23 12:38:57'),
(250, 380, 1, '2E200129-A10F-4C85-8FC4-C07E34A6BD98', '6fb6d638d7f8d99299e32a097e5a577d46e3885dc077e67b4e9fb9662b5dab7d', 0, '2018-03-23 12:40:35'),
(251, 380, 1, '2E200129-A10F-4C85-8FC4-C07E34A6BD98', '6fb6d638d7f8d99299e32a097e5a577d46e3885dc077e67b4e9fb9662b5dab7d', 0, '2018-03-23 12:46:46'),
(252, 380, 1, '2E200129-A10F-4C85-8FC4-C07E34A6BD98', '6fb6d638d7f8d99299e32a097e5a577d46e3885dc077e67b4e9fb9662b5dab7d', 0, '2018-03-23 12:50:20'),
(253, 380, 1, '2E200129-A10F-4C85-8FC4-C07E34A6BD98', '6fb6d638d7f8d99299e32a097e5a577d46e3885dc077e67b4e9fb9662b5dab7d', 0, '2018-03-23 12:52:46'),
(254, 379, 1, '2E200129-A10F-4C85-8FC4-C07E34A6BD98', '6fb6d638d7f8d99299e32a097e5a577d46e3885dc077e67b4e9fb9662b5dab7d', 0, '2018-03-23 12:54:29'),
(255, 256, 1, '3B78FA34-18DA-4BD7-A3A1-B216F16C1E24', '3deb3d6c56ec57e0c236d9afa59093a0cb4b9c9681e01127f3e118b41b20e296', 0, '2018-03-27 04:44:47'),
(256, 92, 1, '01B23D86-79E6-47A6-A3C2-13FEB63E868B', 'a471370139fc32ae1f146f98c9a86a68d4d67d7a7e8441699470bd2ca9c7961b', 0, '2018-03-27 04:46:16'),
(257, 288, 1, 'A1C73031-6169-4B30-ACC4-65D93DF524EE', '3207215552d2ab3176e9c3c01b180dcf989e5e0a6c1b71251d05898512bb5f6c', 0, '2018-03-27 04:54:28'),
(258, 256, 1, '3B78FA34-18DA-4BD7-A3A1-B216F16C1E24', '3deb3d6c56ec57e0c236d9afa59093a0cb4b9c9681e01127f3e118b41b20e296', 0, '2018-03-27 06:45:28'),
(259, 256, 1, '3B78FA34-18DA-4BD7-A3A1-B216F16C1E24', '3deb3d6c56ec57e0c236d9afa59093a0cb4b9c9681e01127f3e118b41b20e296', 0, '2018-03-27 06:46:35'),
(260, 379, 1, 'B5A9F214-1CA4-48A6-BBDE-2E409C6E8102', '0605e76bf5b8db35f80dfcfd2e9bfecb5f595fd9986200933cd3ddf72bad01f3', 0, '2018-03-27 11:06:26'),
(261, 381, 1, 'F737C8B5-B01E-4414-BB67-59EBD192915E', '', 0, '2018-03-28 09:19:15'),
(262, 382, 1, '2E200129-A10F-4C85-8FC4-C07E34A6BD98', '6fb6d638d7f8d99299e32a097e5a577d46e3885dc077e67b4e9fb9662b5dab7d', 0, '2018-03-28 09:35:58'),
(263, 378, 1, '2E200129-A10F-4C85-8FC4-C07E34A6BD98', '6fb6d638d7f8d99299e32a097e5a577d46e3885dc077e67b4e9fb9662b5dab7d', 0, '2018-03-28 09:40:20'),
(264, 383, 1, '2E200129-A10F-4C85-8FC4-C07E34A6BD98', '6fb6d638d7f8d99299e32a097e5a577d46e3885dc077e67b4e9fb9662b5dab7d', 0, '2018-03-28 09:42:20'),
(265, 255, 1, '2E200129-A10F-4C85-8FC4-C07E34A6BD98', '6fb6d638d7f8d99299e32a097e5a577d46e3885dc077e67b4e9fb9662b5dab7d', 0, '2018-03-28 10:41:53'),
(266, 255, 1, '7A28F45A-F52E-442A-84D0-EF216034FF37', '', 0, '2018-03-28 12:20:30'),
(267, 255, 1, 'B5A9F214-1CA4-48A6-BBDE-2E409C6E8102', '0605e76bf5b8db35f80dfcfd2e9bfecb5f595fd9986200933cd3ddf72bad01f3', 0, '2018-03-28 12:58:31'),
(268, 255, 1, '6CB7732E-E4DA-456A-B683-1367FB398201', '92151c256678a45c1c0d0b5f3bc41589a4c26587d231ae028f08440f92829d51', 0, '2018-03-28 13:38:17'),
(269, 92, 1, '3CAB79EB-0D13-4B59-B5FE-1137DFEFC426', 'd1f4374de6bb650c4b4db8665a198a45ff07aba5a11c30eb1f6433dc622d34c6', 0, '2018-03-30 17:18:27'),
(270, 92, 1, 'FDC68A3F-E0C0-4E49-9B6B-8C72984ABB54', '98392cb35dee6d50b5ef3f859874a61fcc199b58c3d1553cc7e4cdf4ced314ea', 0, '2018-03-31 07:05:20'),
(271, 384, 1, 'F737C8B5-B01E-4414-BB67-59EBD192915E', '', 0, '2018-04-02 06:57:14'),
(272, 385, 1, 'B8399543-5ED4-4986-862D-9D8BB36DE544', '76b635c004bd028156ac617122ea20dbd6feabb52663900495c36fb31abc7ad3', 0, '2018-04-02 07:53:24'),
(273, 256, 1, '6CB7732E-E4DA-456A-B683-1367FB398201', '92151c256678a45c1c0d0b5f3bc41589a4c26587d231ae028f08440f92829d51', 0, '2018-04-02 08:05:10'),
(274, 256, 1, '6CB7732E-E4DA-456A-B683-1367FB398201', '92151c256678a45c1c0d0b5f3bc41589a4c26587d231ae028f08440f92829d51', 0, '2018-04-02 08:05:12'),
(275, 386, 1, '3B78FA34-18DA-4BD7-A3A1-B216F16C1E24', '3deb3d6c56ec57e0c236d9afa59093a0cb4b9c9681e01127f3e118b41b20e296', 0, '2018-04-02 08:54:54'),
(276, 387, 1, '3B78FA34-18DA-4BD7-A3A1-B216F16C1E24', '3deb3d6c56ec57e0c236d9afa59093a0cb4b9c9681e01127f3e118b41b20e296', 0, '2018-04-02 09:27:23'),
(277, 388, 1, '3B78FA34-18DA-4BD7-A3A1-B216F16C1E24', '3deb3d6c56ec57e0c236d9afa59093a0cb4b9c9681e01127f3e118b41b20e296', 0, '2018-04-02 09:34:26'),
(278, 388, 1, '3B78FA34-18DA-4BD7-A3A1-B216F16C1E24', '3deb3d6c56ec57e0c236d9afa59093a0cb4b9c9681e01127f3e118b41b20e296', 0, '2018-04-02 09:35:24'),
(279, 256, 1, '6CB7732E-E4DA-456A-B683-1367FB398201', '92151c256678a45c1c0d0b5f3bc41589a4c26587d231ae028f08440f92829d51', 0, '2018-04-02 10:13:42'),
(280, 379, 1, '3B78FA34-18DA-4BD7-A3A1-B216F16C1E24', '3deb3d6c56ec57e0c236d9afa59093a0cb4b9c9681e01127f3e118b41b20e296', 0, '2018-04-02 10:16:32'),
(281, 255, 1, '3B78FA34-18DA-4BD7-A3A1-B216F16C1E24', '3deb3d6c56ec57e0c236d9afa59093a0cb4b9c9681e01127f3e118b41b20e296', 0, '2018-04-02 10:19:09'),
(282, 379, 1, '3B78FA34-18DA-4BD7-A3A1-B216F16C1E24', '3deb3d6c56ec57e0c236d9afa59093a0cb4b9c9681e01127f3e118b41b20e296', 0, '2018-04-02 11:10:44'),
(283, 390, 1, '6CB7732E-E4DA-456A-B683-1367FB398201', '92151c256678a45c1c0d0b5f3bc41589a4c26587d231ae028f08440f92829d51', 0, '2018-04-02 12:09:12'),
(284, 379, 1, '6CB7732E-E4DA-456A-B683-1367FB398201', '92151c256678a45c1c0d0b5f3bc41589a4c26587d231ae028f08440f92829d51', 0, '2018-04-02 13:09:54'),
(285, 256, 1, '6CB7732E-E4DA-456A-B683-1367FB398201', '92151c256678a45c1c0d0b5f3bc41589a4c26587d231ae028f08440f92829d51', 1, '2018-04-02 14:49:47'),
(286, 379, 1, 'E057A236-E537-41BD-9A36-0954C00A881E', '192a4be6351da3114c8a6d7cb57173b4627ce1616eb0b0292b3e83e8aa207239', 0, '2018-04-02 15:10:49'),
(287, 379, 1, 'E057A236-E537-41BD-9A36-0954C00A881E', '192a4be6351da3114c8a6d7cb57173b4627ce1616eb0b0292b3e83e8aa207239', 0, '2018-04-02 15:10:52'),
(288, 379, 1, 'E057A236-E537-41BD-9A36-0954C00A881E', '192a4be6351da3114c8a6d7cb57173b4627ce1616eb0b0292b3e83e8aa207239', 0, '2018-04-02 15:11:11'),
(289, 379, 1, 'DCDAB112-EEED-4AAC-8F38-B625041C3CEE', '13601790f69bbcefa51eff4f263451bb41f8b008166efd6aa11eee3475db450c', 0, '2018-04-02 15:15:14'),
(290, 92, 1, '23E9D82E-8D27-4881-983B-9D02B9DAE27A', 'a8d5027a068de587ca21802643c0583990be3f19ed21174ec08a9c998bdddafa', 0, '2018-04-02 16:27:59'),
(291, 391, 1, '2EA35455-21CC-4540-BEFC-FDA37BEC0EB0', '6da8474a0389a34f7402546d8d2652891fdab4e974ca58c1c5836a559cafb271', 1, '2018-04-03 06:43:25'),
(292, 379, 1, 'DD4647D8-73BE-444F-B51A-5AA4C6C09FDD', '', 0, '2018-04-03 07:12:05'),
(293, 379, 1, 'DD4647D8-73BE-444F-B51A-5AA4C6C09FDD', '', 0, '2018-04-03 08:02:08'),
(294, 379, 1, 'DD4647D8-73BE-444F-B51A-5AA4C6C09FDD', '', 0, '2018-04-03 08:02:11'),
(295, 392, 1, 'DD4647D8-73BE-444F-B51A-5AA4C6C09FDD', '', 0, '2018-04-03 08:49:04'),
(296, 393, 1, 'DD4647D8-73BE-444F-B51A-5AA4C6C09FDD', '', 1, '2018-04-03 08:55:09'),
(297, 394, 1, '078017FD-B802-4F29-8570-548735323EB5', '76e1968bc59d36bdfd943172a1eb34ecf59751661d838e72fc7d8ee2eff5b4d1', 0, '2018-04-03 09:51:57'),
(298, 395, 1, '078017FD-B802-4F29-8570-548735323EB5', '76e1968bc59d36bdfd943172a1eb34ecf59751661d838e72fc7d8ee2eff5b4d1', 1, '2018-04-03 10:24:05'),
(299, 396, 1, 'F737C8B5-B01E-4414-BB67-59EBD192915E', '', 0, '2018-04-03 12:59:11'),
(300, 396, 1, 'DCDAB112-EEED-4AAC-8F38-B625041C3CEE', '13601790f69bbcefa51eff4f263451bb41f8b008166efd6aa11eee3475db450c', 0, '2018-04-03 13:22:54'),
(301, 397, 1, '2E200129-A10F-4C85-8FC4-C07E34A6BD98', '6fb6d638d7f8d99299e32a097e5a577d46e3885dc077e67b4e9fb9662b5dab7d', 1, '2018-04-09 04:43:44'),
(302, 398, 1, '5D5639C8-1323-4232-BF39-EB8FB0C846B3', 'cd79dd95f07d10e771088d2fe31c799bed3c688927392029918277a9cf39fc22', 0, '2018-04-09 05:51:16'),
(303, 396, 1, '3B78FA34-18DA-4BD7-A3A1-B216F16C1E24', '3deb3d6c56ec57e0c236d9afa59093a0cb4b9c9681e01127f3e118b41b20e296', 0, '2018-04-09 06:34:00'),
(304, 396, 1, '3B78FA34-18DA-4BD7-A3A1-B216F16C1E24', '3deb3d6c56ec57e0c236d9afa59093a0cb4b9c9681e01127f3e118b41b20e296', 0, '2018-04-09 07:45:50'),
(305, 399, 1, '7E5B4BD4-E843-4F13-BBC6-55B68C503384', '4b1ce50bea6287367527ff6b54e35236b2f4425976768fc0da77c0b97f9ad267', 0, '2018-04-09 09:12:57'),
(306, 337, 1, 'DCDAB112-EEED-4AAC-8F38-B625041C3CEE', '13601790f69bbcefa51eff4f263451bb41f8b008166efd6aa11eee3475db450c', 0, '2018-04-10 04:27:07'),
(307, 337, 1, 'DCDAB112-EEED-4AAC-8F38-B625041C3CEE', '13601790f69bbcefa51eff4f263451bb41f8b008166efd6aa11eee3475db450c', 0, '2018-04-10 04:39:32'),
(308, 338, 1, 'DCDAB112-EEED-4AAC-8F38-B625041C3CEE', '13601790f69bbcefa51eff4f263451bb41f8b008166efd6aa11eee3475db450c', 0, '2018-04-10 05:02:19'),
(309, 337, 1, 'DCDAB112-EEED-4AAC-8F38-B625041C3CEE', '13601790f69bbcefa51eff4f263451bb41f8b008166efd6aa11eee3475db450c', 0, '2018-04-10 05:19:53'),
(310, 338, 1, 'DCDAB112-EEED-4AAC-8F38-B625041C3CEE', '13601790f69bbcefa51eff4f263451bb41f8b008166efd6aa11eee3475db450c', 0, '2018-04-10 05:23:37'),
(311, 338, 1, 'DCDAB112-EEED-4AAC-8F38-B625041C3CEE', '13601790f69bbcefa51eff4f263451bb41f8b008166efd6aa11eee3475db450c', 0, '2018-04-10 05:28:26'),
(312, 340, 1, 'DCDAB112-EEED-4AAC-8F38-B625041C3CEE', '13601790f69bbcefa51eff4f263451bb41f8b008166efd6aa11eee3475db450c', 0, '2018-04-10 05:32:18'),
(313, 338, 1, 'DCDAB112-EEED-4AAC-8F38-B625041C3CEE', '13601790f69bbcefa51eff4f263451bb41f8b008166efd6aa11eee3475db450c', 0, '2018-04-10 05:42:05'),
(314, 337, 1, 'DCDAB112-EEED-4AAC-8F38-B625041C3CEE', '13601790f69bbcefa51eff4f263451bb41f8b008166efd6aa11eee3475db450c', 0, '2018-04-10 05:47:29'),
(315, 364, 1, 'DCDAB112-EEED-4AAC-8F38-B625041C3CEE', '13601790f69bbcefa51eff4f263451bb41f8b008166efd6aa11eee3475db450c', 0, '2018-04-10 05:49:51'),
(316, 340, 1, 'DCDAB112-EEED-4AAC-8F38-B625041C3CEE', '13601790f69bbcefa51eff4f263451bb41f8b008166efd6aa11eee3475db450c', 0, '2018-04-10 05:51:16'),
(317, 364, 1, 'DCDAB112-EEED-4AAC-8F38-B625041C3CEE', '13601790f69bbcefa51eff4f263451bb41f8b008166efd6aa11eee3475db450c', 0, '2018-04-10 05:51:48'),
(318, 400, 1, 'DCDAB112-EEED-4AAC-8F38-B625041C3CEE', '13601790f69bbcefa51eff4f263451bb41f8b008166efd6aa11eee3475db450c', 0, '2018-04-10 06:13:00'),
(319, 400, 1, 'DCDAB112-EEED-4AAC-8F38-B625041C3CEE', '13601790f69bbcefa51eff4f263451bb41f8b008166efd6aa11eee3475db450c', 0, '2018-04-10 06:13:21'),
(320, 400, 1, 'DCDAB112-EEED-4AAC-8F38-B625041C3CEE', '13601790f69bbcefa51eff4f263451bb41f8b008166efd6aa11eee3475db450c', 0, '2018-04-10 06:15:02'),
(321, 401, 1, 'DCDAB112-EEED-4AAC-8F38-B625041C3CEE', '13601790f69bbcefa51eff4f263451bb41f8b008166efd6aa11eee3475db450c', 0, '2018-04-10 06:24:07'),
(322, 365, 1, 'DCDAB112-EEED-4AAC-8F38-B625041C3CEE', '13601790f69bbcefa51eff4f263451bb41f8b008166efd6aa11eee3475db450c', 0, '2018-04-10 06:28:02'),
(323, 337, 1, 'DCDAB112-EEED-4AAC-8F38-B625041C3CEE', '13601790f69bbcefa51eff4f263451bb41f8b008166efd6aa11eee3475db450c', 0, '2018-04-10 06:29:55'),
(324, 401, 1, 'DCDAB112-EEED-4AAC-8F38-B625041C3CEE', '13601790f69bbcefa51eff4f263451bb41f8b008166efd6aa11eee3475db450c', 0, '2018-04-10 06:34:48'),
(325, 337, 1, 'DCDAB112-EEED-4AAC-8F38-B625041C3CEE', '13601790f69bbcefa51eff4f263451bb41f8b008166efd6aa11eee3475db450c', 0, '2018-04-10 06:37:45'),
(326, 92, 1, '66763E42-7D14-4E4A-B747-0D2C35877F54', '15db16d9665b8f7d835a99e4efbc2ab3e285f1716b264fbb535b3894eb0bdc07', 1, '2018-04-11 00:01:34'),
(327, 288, 1, '61DDAE59-772D-4FC7-95F1-99D6EC0E1BB3', '705ed1a1cc61272c5349515054bdde4e28a217fe94b86d8a562ee5cce1e1cded', 0, '2018-04-11 00:04:54'),
(328, 402, 1, '7E5B4BD4-E843-4F13-BBC6-55B68C503384', '4b1ce50bea6287367527ff6b54e35236b2f4425976768fc0da77c0b97f9ad267', 0, '2018-04-12 10:07:41'),
(329, 403, 1, '61DDAE59-772D-4FC7-95F1-99D6EC0E1BB3', '705ed1a1cc61272c5349515054bdde4e28a217fe94b86d8a562ee5cce1e1cded', 1, '2018-04-12 17:07:53'),
(330, 398, 1, '2607B24F-CA5D-4692-8F7E-FAB9D3BBD98B', '', 0, '2018-04-20 09:58:23'),
(331, 398, 1, 'C030E464-A09C-4DEC-A925-C72AC5C24E27', '00fda9187f770daf1e1e4d42f0a004f70f1bb409cf28a21b36d3ee3b51e52703', 0, '2018-04-23 06:13:25'),
(332, 398, 0, '', '', 0, '2018-04-23 06:20:17'),
(333, 398, 0, '', '', 0, '2018-04-23 06:20:22'),
(334, 398, 0, '', '', 0, '2018-04-23 06:21:24'),
(335, 398, 1, '86F1316F-0A65-4BE5-A13D-5A96A903E4BF', '', 1, '2018-04-25 04:39:17'),
(336, 255, 1, '7E5B4BD4-E843-4F13-BBC6-55B68C503384', '4b1ce50bea6287367527ff6b54e35236b2f4425976768fc0da77c0b97f9ad267', 0, '2018-04-25 05:16:51'),
(337, 396, 1, '7E5B4BD4-E843-4F13-BBC6-55B68C503384', '4b1ce50bea6287367527ff6b54e35236b2f4425976768fc0da77c0b97f9ad267', 0, '2018-04-25 05:24:18'),
(338, 255, 1, '788596B5-1E8F-47DB-8476-B4146F5132AF', '770eaad63a33b826de2530cec645da9ff1461949bfee93f2b5cbbd767fceb2a9', 0, '2018-04-25 05:33:18'),
(339, 255, 1, '788596B5-1E8F-47DB-8476-B4146F5132AF', '770eaad63a33b826de2530cec645da9ff1461949bfee93f2b5cbbd767fceb2a9', 0, '2018-04-25 05:33:27'),
(340, 396, 1, '788596B5-1E8F-47DB-8476-B4146F5132AF', '770eaad63a33b826de2530cec645da9ff1461949bfee93f2b5cbbd767fceb2a9', 0, '2018-04-25 05:37:23'),
(341, 396, 1, '788596B5-1E8F-47DB-8476-B4146F5132AF', '770eaad63a33b826de2530cec645da9ff1461949bfee93f2b5cbbd767fceb2a9', 0, '2018-04-25 05:48:23'),
(342, 396, 1, '788596B5-1E8F-47DB-8476-B4146F5132AF', '770eaad63a33b826de2530cec645da9ff1461949bfee93f2b5cbbd767fceb2a9', 0, '2018-04-25 05:48:30'),
(343, 396, 1, '788596B5-1E8F-47DB-8476-B4146F5132AF', '770eaad63a33b826de2530cec645da9ff1461949bfee93f2b5cbbd767fceb2a9', 0, '2018-04-25 06:17:19'),
(344, 396, 1, '788596B5-1E8F-47DB-8476-B4146F5132AF', '770eaad63a33b826de2530cec645da9ff1461949bfee93f2b5cbbd767fceb2a9', 0, '2018-04-25 06:17:22'),
(345, 334, 1, '788596B5-1E8F-47DB-8476-B4146F5132AF', '770eaad63a33b826de2530cec645da9ff1461949bfee93f2b5cbbd767fceb2a9', 0, '2018-04-25 06:58:45'),
(346, 334, 1, '788596B5-1E8F-47DB-8476-B4146F5132AF', '770eaad63a33b826de2530cec645da9ff1461949bfee93f2b5cbbd767fceb2a9', 0, '2018-04-25 06:58:50'),
(347, 396, 1, '788596B5-1E8F-47DB-8476-B4146F5132AF', '770eaad63a33b826de2530cec645da9ff1461949bfee93f2b5cbbd767fceb2a9', 0, '2018-04-25 07:05:49'),
(348, 334, 1, '788596B5-1E8F-47DB-8476-B4146F5132AF', '770eaad63a33b826de2530cec645da9ff1461949bfee93f2b5cbbd767fceb2a9', 0, '2018-04-25 07:17:40'),
(349, 396, 1, '7E5B4BD4-E843-4F13-BBC6-55B68C503384', '4b1ce50bea6287367527ff6b54e35236b2f4425976768fc0da77c0b97f9ad267', 0, '2018-04-25 07:34:27'),
(350, 334, 1, '7E5B4BD4-E843-4F13-BBC6-55B68C503384', '4b1ce50bea6287367527ff6b54e35236b2f4425976768fc0da77c0b97f9ad267', 0, '2018-04-25 07:34:49'),
(351, 396, 1, '7E5B4BD4-E843-4F13-BBC6-55B68C503384', '4b1ce50bea6287367527ff6b54e35236b2f4425976768fc0da77c0b97f9ad267', 0, '2018-04-25 09:37:09'),
(352, 334, 1, '7E5B4BD4-E843-4F13-BBC6-55B68C503384', '4b1ce50bea6287367527ff6b54e35236b2f4425976768fc0da77c0b97f9ad267', 0, '2018-04-25 10:21:15'),
(353, 334, 1, '7E5B4BD4-E843-4F13-BBC6-55B68C503384', '4b1ce50bea6287367527ff6b54e35236b2f4425976768fc0da77c0b97f9ad267', 0, '2018-04-25 11:04:24');
INSERT INTO `tbl_login` (`id`, `userId`, `device_id`, `unique_deviceId`, `token_id`, `status`, `date_created`) VALUES
(354, 334, 1, '7E5B4BD4-E843-4F13-BBC6-55B68C503384', '4b1ce50bea6287367527ff6b54e35236b2f4425976768fc0da77c0b97f9ad267', 0, '2018-04-25 11:10:56'),
(355, 404, 1, '7E5B4BD4-E843-4F13-BBC6-55B68C503384', '4b1ce50bea6287367527ff6b54e35236b2f4425976768fc0da77c0b97f9ad267', 0, '2018-04-25 11:12:57'),
(356, 405, 1, '788596B5-1E8F-47DB-8476-B4146F5132AF', '770eaad63a33b826de2530cec645da9ff1461949bfee93f2b5cbbd767fceb2a9', 0, '2018-04-25 11:13:42'),
(357, 405, 1, '788596B5-1E8F-47DB-8476-B4146F5132AF', '770eaad63a33b826de2530cec645da9ff1461949bfee93f2b5cbbd767fceb2a9', 0, '2018-04-25 11:16:23'),
(358, 405, 1, '788596B5-1E8F-47DB-8476-B4146F5132AF', '770eaad63a33b826de2530cec645da9ff1461949bfee93f2b5cbbd767fceb2a9', 0, '2018-04-25 11:22:00'),
(359, 406, 1, '788596B5-1E8F-47DB-8476-B4146F5132AF', '770eaad63a33b826de2530cec645da9ff1461949bfee93f2b5cbbd767fceb2a9', 0, '2018-04-25 11:23:59'),
(360, 407, 1, '7E5B4BD4-E843-4F13-BBC6-55B68C503384', '4b1ce50bea6287367527ff6b54e35236b2f4425976768fc0da77c0b97f9ad267', 0, '2018-04-25 11:25:40'),
(361, 406, 1, '788596B5-1E8F-47DB-8476-B4146F5132AF', '770eaad63a33b826de2530cec645da9ff1461949bfee93f2b5cbbd767fceb2a9', 0, '2018-04-25 11:28:20'),
(362, 407, 1, '7E5B4BD4-E843-4F13-BBC6-55B68C503384', '4b1ce50bea6287367527ff6b54e35236b2f4425976768fc0da77c0b97f9ad267', 0, '2018-04-25 11:31:39'),
(363, 334, 1, '7E5B4BD4-E843-4F13-BBC6-55B68C503384', '4b1ce50bea6287367527ff6b54e35236b2f4425976768fc0da77c0b97f9ad267', 0, '2018-04-25 11:36:27'),
(364, 396, 1, '788596B5-1E8F-47DB-8476-B4146F5132AF', '770eaad63a33b826de2530cec645da9ff1461949bfee93f2b5cbbd767fceb2a9', 0, '2018-04-25 11:37:48'),
(365, 334, 1, '7E5B4BD4-E843-4F13-BBC6-55B68C503384', '4b1ce50bea6287367527ff6b54e35236b2f4425976768fc0da77c0b97f9ad267', 0, '2018-04-25 11:40:06'),
(366, 396, 1, '788596B5-1E8F-47DB-8476-B4146F5132AF', '770eaad63a33b826de2530cec645da9ff1461949bfee93f2b5cbbd767fceb2a9', 1, '2018-04-25 11:40:22'),
(367, 334, 1, '7E5B4BD4-E843-4F13-BBC6-55B68C503384', '4b1ce50bea6287367527ff6b54e35236b2f4425976768fc0da77c0b97f9ad267', 1, '2018-04-25 12:32:59'),
(368, 307, 1, '0D1DF8EC-D622-4C63-A2F8-437B5751BFCA', '', 1, '2018-04-26 04:54:31'),
(369, 408, 1, '2A8C9FA9-B66A-4F1D-8B33-B7833E889A26', '52add6e6d340bd401a39d3502ba5afc1e27e40bd53c5c620ae92d4bdce293b86', 0, '2018-05-31 05:25:19'),
(370, 409, 1, '6CC39FCC-3EB5-49F8-86C7-7A7ED0E83D2D', 'be172481af80ba2d7f1d4d83b7002ee104145019ab7222cd5d1b64991e99db8d', 0, '2018-05-31 05:26:21'),
(371, 410, 1, '2A8C9FA9-B66A-4F1D-8B33-B7833E889A26', '52add6e6d340bd401a39d3502ba5afc1e27e40bd53c5c620ae92d4bdce293b86', 0, '2018-05-31 05:35:01'),
(372, 411, 1, '6CC39FCC-3EB5-49F8-86C7-7A7ED0E83D2D', 'be172481af80ba2d7f1d4d83b7002ee104145019ab7222cd5d1b64991e99db8d', 0, '2018-05-31 05:37:58'),
(373, 411, 1, '6CC39FCC-3EB5-49F8-86C7-7A7ED0E83D2D', 'be172481af80ba2d7f1d4d83b7002ee104145019ab7222cd5d1b64991e99db8d', 0, '2018-05-31 05:41:11'),
(374, 412, 1, '6CC39FCC-3EB5-49F8-86C7-7A7ED0E83D2D', 'be172481af80ba2d7f1d4d83b7002ee104145019ab7222cd5d1b64991e99db8d', 1, '2018-05-31 05:43:06'),
(375, 413, 1, '2A8C9FA9-B66A-4F1D-8B33-B7833E889A26', '52add6e6d340bd401a39d3502ba5afc1e27e40bd53c5c620ae92d4bdce293b86', 1, '2018-05-31 05:44:16'),
(376, 414, 1, '45E37C72-E60A-4742-BACC-7B53244AC198', '75a24b93b023007b1033144f7d73e8941b2177ed10329f98939b341520c3c33c', 1, '2018-05-31 14:41:29'),
(377, 415, 1, '0ABD2C01-9FCA-47F4-B16D-F1C8661CB3B6', 'adb5fa07bea395c9f6304b07ee2d6c6c496134b2e7e8ea03ce7b6ab527c6aec9', 1, '2018-05-31 14:41:58');

-- --------------------------------------------------------

--
-- Table structure for table `tbl_notification`
--

CREATE TABLE IF NOT EXISTS `tbl_notification` (
  `id` int(11) NOT NULL AUTO_INCREMENT,
  `type` int(11) NOT NULL COMMENT '0->unlike,1-> like , 2-> comment, 3->follow, 4->tag',
  `post_id` int(11) NOT NULL,
  `to_id` int(11) NOT NULL,
  `from_id` int(11) NOT NULL,
  `date_created` datetime NOT NULL,
  PRIMARY KEY (`id`)
) ENGINE=InnoDB  DEFAULT CHARSET=latin1 AUTO_INCREMENT=95 ;

--
-- Dumping data for table `tbl_notification`
--

INSERT INTO `tbl_notification` (`id`, `type`, `post_id`, `to_id`, `from_id`, `date_created`) VALUES
(1, 1, 2, 396, 379, '2018-04-03 13:27:01'),
(2, 1, 2, 396, 379, '2018-04-03 13:30:02'),
(3, 1, 2, 396, 379, '2018-04-03 13:31:03'),
(4, 3, 1, 396, 379, '2018-04-03 13:35:38'),
(5, 1, 9, 92, 92, '2018-04-09 02:25:58'),
(6, 1, 10, 92, 92, '2018-04-09 02:30:14'),
(7, 1, 12, 92, 92, '2018-04-09 02:30:20'),
(8, 1, 11, 92, 92, '2018-04-09 02:30:29'),
(9, 1, 2, 379, 379, '2018-04-09 06:30:52'),
(10, 1, 3, 379, 379, '2018-04-09 06:32:34'),
(11, 2, 3, 379, 379, '2018-04-09 06:33:03'),
(12, 2, 6, 396, 396, '2018-04-09 07:37:28'),
(13, 1, 16, 399, 396, '2018-04-09 09:13:16'),
(14, 1, 30, 337, 337, '2018-04-10 04:55:05'),
(15, 3, 2, 338, 337, '2018-04-10 05:02:40'),
(16, 1, 18, 338, 337, '2018-04-10 05:03:55'),
(17, 2, 18, 338, 337, '2018-04-10 05:04:03'),
(18, 2, 18, 338, 337, '2018-04-10 05:04:12'),
(19, 3, 2, 338, 337, '2018-04-10 05:04:36'),
(20, 3, 2, 338, 337, '2018-04-10 05:09:55'),
(21, 3, 2, 338, 337, '2018-04-10 05:10:00'),
(22, 3, 2, 338, 337, '2018-04-10 05:10:04'),
(23, 3, 2, 338, 337, '2018-04-10 05:15:24'),
(24, 3, 3, 340, 338, '2018-04-10 05:33:18'),
(25, 1, 39, 340, 338, '2018-04-10 05:33:21'),
(26, 2, 39, 340, 338, '2018-04-10 05:33:29'),
(27, 3, 4, 340, 337, '2018-04-10 05:39:00'),
(28, 3, 5, 364, 337, '2018-04-10 05:51:54'),
(29, 3, 6, 364, 397, '2018-04-10 05:51:59'),
(30, 3, 7, 364, 338, '2018-04-10 05:52:06'),
(31, 3, 8, 364, 340, '2018-04-10 05:52:18'),
(32, 1, 42, 364, 364, '2018-04-10 06:08:08'),
(33, 1, 43, 364, 364, '2018-04-10 06:08:22'),
(34, 2, 42, 364, 364, '2018-04-10 06:08:30'),
(35, 2, 43, 364, 364, '2018-04-10 06:08:41'),
(36, 1, 40, 364, 364, '2018-04-10 06:09:14'),
(37, 2, 8, 400, 396, '2018-04-10 06:15:26'),
(38, 3, 9, 401, 337, '2018-04-10 06:35:53'),
(39, 3, 10, 401, 364, '2018-04-10 06:35:59'),
(40, 3, 11, 401, 338, '2018-04-10 06:36:04'),
(41, 3, 12, 401, 340, '2018-04-10 06:36:08'),
(42, 1, 44, 92, 92, '2018-04-11 00:06:10'),
(43, 1, 44, 288, 92, '2018-04-11 00:07:43'),
(44, 1, 46, 288, 92, '2018-04-11 00:07:47'),
(45, 1, 45, 288, 92, '2018-04-11 00:07:51'),
(46, 1, 45, 92, 92, '2018-04-11 00:08:09'),
(47, 3, 13, 288, 92, '2018-04-11 00:10:57'),
(48, 3, 13, 288, 92, '2018-04-11 00:11:02'),
(49, 3, 14, 288, 364, '2018-04-11 00:11:09'),
(50, 3, 15, 92, 288, '2018-04-11 00:11:11'),
(51, 1, 11, 288, 92, '2018-04-11 00:12:27'),
(52, 3, 16, 288, 337, '2018-04-11 00:12:48'),
(53, 3, 17, 92, 337, '2018-04-11 00:13:22'),
(54, 3, 18, 92, 396, '2018-04-11 00:13:27'),
(55, 3, 19, 92, 379, '2018-04-11 00:13:31'),
(56, 1, 48, 288, 288, '2018-04-11 00:14:16'),
(57, 3, 17, 92, 337, '2018-04-11 00:14:26'),
(58, 3, 17, 92, 337, '2018-04-11 00:14:29'),
(59, 1, 48, 92, 288, '2018-04-11 00:15:52'),
(60, 1, 46, 92, 92, '2018-04-11 00:15:56'),
(61, 1, 50, 92, 92, '2018-04-11 00:15:58'),
(62, 1, 49, 92, 288, '2018-04-11 00:16:04'),
(63, 3, 20, 403, 92, '2018-04-12 17:10:12'),
(64, 3, 21, 92, 403, '2018-04-12 17:11:14'),
(65, 3, 22, 337, 255, '2018-04-25 05:09:04'),
(66, 3, 22, 337, 255, '2018-04-25 05:17:08'),
(67, 3, 23, 335, 255, '2018-04-25 05:23:19'),
(68, 1, 6, 255, 396, '2018-04-25 05:33:50'),
(69, 3, 24, 405, 404, '2018-04-25 11:15:05'),
(70, 3, 25, 406, 407, '2018-04-25 11:26:59'),
(71, 3, 26, 396, 407, '2018-04-25 11:38:02'),
(72, 3, 27, 334, 396, '2018-04-25 11:39:05'),
(73, 1, 52, 334, 396, '2018-04-25 12:26:39'),
(74, 0, 67, 334, 334, '2018-04-25 12:27:45'),
(75, 1, 68, 334, 334, '2018-04-25 12:27:48'),
(76, 1, 66, 334, 334, '2018-04-25 12:37:17'),
(77, 1, 62, 334, 334, '2018-04-25 12:44:20'),
(78, 1, 63, 334, 334, '2018-04-25 12:44:26'),
(79, 3, 23, 335, 255, '2018-05-02 09:42:58'),
(80, 3, 28, 337, 1, '2018-05-02 09:43:31'),
(81, 3, 29, 231, 1, '2018-05-02 09:44:03'),
(82, 3, 30, 232, 1, '2018-05-02 09:44:08'),
(83, 3, 31, 379, 396, '2018-05-02 14:27:45'),
(84, 3, 19, 92, 379, '2018-05-02 14:34:57'),
(85, 3, 32, 2, 1, '2018-05-09 09:43:13'),
(86, 3, 32, 2, 1, '2018-05-09 09:43:24'),
(87, 3, 32, 2, 1, '2018-05-09 09:45:48'),
(88, 3, 33, 1, 1, '2018-05-09 09:46:20'),
(89, 3, 34, 409, 408, '2018-05-31 05:27:25'),
(90, 3, 35, 411, 410, '2018-05-31 05:39:33'),
(91, 3, 36, 412, 413, '2018-05-31 05:45:18'),
(92, 3, 37, 415, 334, '2018-05-31 14:43:52'),
(93, 3, 37, 415, 334, '2018-05-31 14:46:06'),
(94, 2, 88, 414, 414, '2018-06-01 04:52:15');

-- --------------------------------------------------------

--
-- Table structure for table `tbl_post`
--

CREATE TABLE IF NOT EXISTS `tbl_post` (
  `id` int(11) NOT NULL AUTO_INCREMENT,
  `userId` int(11) NOT NULL,
  `type` int(11) NOT NULL COMMENT '0-> profiile, 1-> map, 2-> Both',
  `cron_status` int(11) NOT NULL COMMENT '0-> active, 1->expire',
  `duration` varchar(500) NOT NULL,
  `thumbnail` varchar(500) NOT NULL,
  `height` float NOT NULL,
  `width` float NOT NULL,
  `image` varchar(250) NOT NULL,
  `map_image` varchar(250) NOT NULL,
  `caption` text NOT NULL,
  `lat` varchar(20) NOT NULL,
  `lng` varchar(20) NOT NULL,
  `address` varchar(500) NOT NULL,
  `media_type` varchar(500) NOT NULL COMMENT '1 for image ,2 for video',
  `date_created` datetime NOT NULL,
  PRIMARY KEY (`id`)
) ENGINE=InnoDB  DEFAULT CHARSET=latin1 AUTO_INCREMENT=91 ;

--
-- Dumping data for table `tbl_post`
--

INSERT INTO `tbl_post` (`id`, `userId`, `type`, `cron_status`, `duration`, `thumbnail`, `height`, `width`, `image`, `map_image`, `caption`, `lat`, `lng`, `address`, `media_type`, `date_created`) VALUES
(1, 379, 2, 1, '0.0', '', 720, 720, 'public/image/IMG_1522761733.jpg', 'public/image/IMG_15227617331.jpg', '', '30.7233120734158', '76.8477139995218', 'Panchkula', '1', '2018-04-03 13:22:13'),
(2, 379, 2, 1, '0.0', '', 720, 720, 'public/image/IMG_1522761741.jpg', 'public/image/IMG_15227617411.jpg', '', '30.7233120734158', '76.8477139995218', 'Panchkula', '1', '2018-04-03 13:22:21'),
(3, 379, 2, 1, '0.0', '', 720, 720, 'public/image/IMG_1522761751.jpg', 'public/image/IMG_15227617511.jpg', '', '30.7233120734158', '76.8477139995218', 'Panchkula', '1', '2018-04-03 13:22:31'),
(4, 379, 2, 1, '0.0', '', 720, 720, 'public/image/IMG_1522761759.jpg', 'public/image/IMG_15227617591.jpg', '', '30.7233120734158', '76.8477139995218', 'Panchkula', '1', '2018-04-03 13:22:39'),
(5, 396, 2, 1, '0.0', '', 1080, 1080, 'public/image/IMG_1522761786.jpg', 'public/image/IMG_15227617861.jpg', '', '30.7232936332288', '76.8476466928393', 'Panchkula', '1', '2018-04-03 13:23:06'),
(6, 396, 2, 1, '0.0', '', 1080, 1080, 'public/image/IMG_1522761802.jpg', 'public/image/IMG_15227618021.jpg', 'Keyboard', '30.723290154739', '76.8476451002777', 'Panchkula', '1', '2018-04-03 13:23:22'),
(7, 396, 2, 1, '0.0', '', 1080, 1080, 'public/image/IMG_1522761816.jpg', 'public/image/IMG_15227618161.jpg', '', '30.7233010512131', '76.8476958946109', 'Panchkula', '1', '2018-04-03 13:23:36'),
(8, 396, 2, 1, '0.0', '', 720, 720, 'public/image/IMG_1522761845.jpg', 'public/image/IMG_15227618451.jpg', '', '30.7232373906586', '76.8476436753542', 'Panchkula', '1', '2018-04-03 13:24:05'),
(9, 92, 2, 1, '0.0', '', 1080, 1080, 'public/image/IMG_1523240744.jpg', 'public/image/IMG_15232407441.jpg', '', '30.2921674165904', '-97.7241833366606', 'Austin', '1', '2018-04-09 02:25:44'),
(10, 92, 2, 1, '0.0', '', 1080, 1080, 'public/image/IMG_1523240912.jpg', 'public/image/IMG_15232409121.jpg', 'Ndjdkspslc jsjsjsksqvff djdisjdjcidkcii.', '30.2922108122795', '-97.7242120314711', 'Austin', '1', '2018-04-09 02:28:32'),
(11, 92, 2, 1, '0.0', '', 1080, 1080, 'public/image/IMG_1523240956.jpg', 'public/image/IMG_15232409561.jpg', '', '30.2920678463957', '-97.7241538309734', 'Austin', '1', '2018-04-09 02:29:16'),
(12, 92, 2, 1, '0.0', '', 1080, 1080, 'public/image/IMG_1523240989.jpg', 'public/image/IMG_15232409891.jpg', '', '30.2921139256899', '-97.7242428048663', 'Austin', '1', '2018-04-09 02:29:49'),
(13, 397, 2, 1, '0.0', '', 720, 720, 'public/image/IMG_1523249041.jpg', 'public/image/IMG_15232490411.jpg', '', '30.723349540523', '76.8477276620239', 'Panchkula', '1', '2018-04-09 04:44:01'),
(14, 397, 2, 1, '0.0', '', 720, 720, 'public/image/IMG_1523252977.jpg', 'public/image/IMG_15232529771.jpg', '', '19.0176147', '72.8561644', 'Mumbai', '1', '2018-04-09 05:49:37'),
(15, 396, 2, 1, '0.0', '', 1080, 1080, 'public/image/IMG_1523255673.jpg', 'public/image/IMG_15232556731.jpg', '', '30.7234396459821', '76.8476885185361', '', '1', '2018-04-09 06:34:33'),
(16, 396, 2, 1, '7.06666666666667', 'public/image/IMG_1523260045.jpg', 960, 1080, 'public/image/IMG_1523260045.mp4', 'public/image/IMG_15232600451.mp4', '', '30.7233974011901', '76.8477215432346', '', '2', '2018-04-09 07:47:25'),
(17, 396, 2, 1, '4.86666666666667', 'public/image/IMG_1523260109.jpg', 960, 1080, 'public/image/IMG_1523260109.mp4', 'public/image/IMG_15232601091.mp4', '', '30.7233950542572', '76.8476681505114', 'Panchkula', '2', '2018-04-09 07:48:29'),
(18, 337, 0, 0, '0.0', '', 1080, 1080, 'public/image/IMG_1523334564.jpg', '', '', '', '', '', '1', '2018-04-10 04:29:24'),
(19, 337, 1, 1, '0.0', '', 1080, 1080, '', 'public/map_image/MAP_1523334591.jpg', '', '30.7235235907424', '76.8477818929375', 'Panchkula', '1', '2018-04-10 04:29:51'),
(20, 337, 1, 1, '0.0', '', 1080, 1080, '', 'public/map_image/MAP_1523334893.jpg', '', '30.723574259347', '76.8475630414457', '', '1', '2018-04-10 04:34:53'),
(21, 337, 0, 0, '0.0', '', 1080, 1080, 'public/image/IMG_1523334940.jpg', '', '', '', '', '', '1', '2018-04-10 04:35:40'),
(22, 337, 2, 1, '0.0', '', 1080, 1080, 'public/image/IMG_1523334984.jpg', 'public/image/IMG_15233349841.jpg', 'Testing', '30.7234815554979', '76.8477381394029', 'Panchkula', '1', '2018-04-10 04:36:24'),
(23, 337, 1, 1, '0.0', '', 720, 720, '', 'public/map_image/MAP_1523335011.jpg', '', '30.7234556135076', '76.8476150092453', 'Panchkula', '1', '2018-04-10 04:36:51'),
(24, 337, 2, 1, '0.0', '', 720, 720, 'public/image/IMG_1523335029.jpg', 'public/image/IMG_15233350291.jpg', '', '30.7234556135076', '76.8476150092453', 'Panchkula', '1', '2018-04-10 04:37:09'),
(25, 337, 1, 1, '0.0', '', 720, 720, '', 'public/map_image/MAP_1523335052.jpg', 'Dhdhhddhdhdjcu', '30.7234556135076', '76.8476150092453', 'Panchkula', '1', '2018-04-10 04:37:32'),
(26, 337, 2, 1, '0.0', '', 720, 720, 'public/image/IMG_1523335077.jpg', 'public/image/IMG_15233350771.jpg', 'Shshhdhs DJ', '30.7234566612455', '76.8476821482897', 'Panchkula', '1', '2018-04-10 04:37:57'),
(27, 337, 1, 1, '0.0', '', 1080, 1080, '', 'public/map_image/MAP_1523335122.jpg', 'Test01', '30.7234263606656', '76.8477593456179', 'Panchkula', '1', '2018-04-10 04:38:42'),
(28, 337, 2, 1, '0.0', '', 1080, 1080, 'public/image/IMG_1523335206.jpg', 'public/image/IMG_15233352061.jpg', '', '30.7234507100943', '76.847738474679', 'Panchkula', '1', '2018-04-10 04:40:06'),
(29, 337, 0, 0, '0.0', '', 1080, 1080, 'public/image/IMG_1523335232.jpg', '', '', '', '', '', '1', '2018-04-10 04:40:32'),
(30, 337, 1, 1, '0.0', '', 1080, 1080, '', 'public/map_image/MAP_1523335255.jpg', '', '30.7233930006909', '76.8476797175378', 'Panchkula', '1', '2018-04-10 04:40:55'),
(31, 337, 1, 1, '0.0', '', 1080, 1080, '', 'public/map_image/MAP_1523335304.jpg', '', '30.7235030550796', '76.8477611896366', 'Panchkula', '1', '2018-04-10 04:41:44'),
(32, 337, 1, 1, '0.0', '', 1080, 1080, '', 'public/map_image/MAP_1523335350.jpg', '', '30.7234825194168', '76.8476940505922', 'Panchkula', '1', '2018-04-10 04:42:30'),
(33, 337, 1, 1, '0.0', '', 1080, 1080, '', 'public/map_image/MAP_1523335488.jpg', 'Test', '30.7234967686522', '76.8477238063485', 'Panchkula', '1', '2018-04-10 04:44:48'),
(35, 337, 1, 1, '0.0', '', 1080, 1080, '', 'public/map_image/MAP_1523335843.jpg', 'Dummy', '30.7235285360652', '76.8477453478396', 'Panchkula', '1', '2018-04-10 04:50:43'),
(36, 337, 1, 1, '0.0', '', 1080, 1080, '', 'public/map_image/MAP_1523335860.jpg', 'Dummy two', '30.7234929548863', '76.8477929570496', 'Panchkula', '1', '2018-04-10 04:51:00'),
(38, 338, 1, 1, '0.0', '', 1080, 1080, '', 'public/map_image/MAP_1523336964.jpg', 'Good morning', '30.723521453357', '76.8478848227084', 'Panchkula', '1', '2018-04-10 05:09:24'),
(39, 338, 2, 1, '0.0', '', 1080, 1080, 'public/image/IMG_1523337198.jpg', 'public/image/IMG_15233371981.jpg', 'Good morning', '30.7234953856382', '76.847904771638', 'Panchkula', '1', '2018-04-10 05:13:18'),
(40, 364, 2, 1, '0.0', '', 1080, 1080, 'public/image/IMG_1523339455.jpg', 'public/image/IMG_15233394551.jpg', 'Run', '30.7235557696732', '76.8476870461305', 'Panchkula', '1', '2018-04-10 05:50:55'),
(41, 340, 2, 1, '0.0', '', 720, 720, 'public/image/IMG_1523339493.jpg', 'public/image/IMG_15233394931.jpg', 'Light', '30.723657635429', '76.8476191328408', 'Panchkula', '1', '2018-04-10 05:51:33'),
(42, 364, 0, 0, '0.0', '', 720, 720, 'public/image/IMG_1523340377.jpg', '', 'Testerz ', '', '', '', '1', '2018-04-10 06:06:17'),
(43, 364, 0, 0, '0.0', '', 720, 720, 'public/image/IMG_1523340462.jpg', '', 'Testerz Two', '', '', '', '1', '2018-04-10 06:07:42'),
(44, 92, 2, 1, '0.0', '', 1080, 1080, 'public/image/IMG_1523405103.jpg', 'public/image/IMG_15234051031.jpg', '', '30.2921496724551', '-97.7242147529119', 'Austin', '1', '2018-04-11 00:05:03'),
(45, 92, 2, 1, '0.0', '', 1080, 1080, 'public/image/IMG_1523405151.jpg', 'public/image/IMG_15234051511.jpg', '', '30.2922082752397', '-97.7241308168985', 'Austin', '1', '2018-04-11 00:05:51'),
(46, 92, 2, 1, '0.0', '', 1080, 1080, 'public/image/IMG_1523405199.jpg', 'public/image/IMG_15234051991.jpg', '', '30.29208963193', '-97.7242044232781', 'Austin', '1', '2018-04-11 00:06:39'),
(47, 92, 2, 1, '0.0', '', 1080, 1080, 'public/image/IMG_1523405322.jpg', 'public/image/IMG_15234053221.jpg', '', '30.2922193402453', '-97.7242844260921', 'Austin', '1', '2018-04-11 00:08:42'),
(48, 288, 2, 1, '0.0', '', 1080, 1080, 'public/image/IMG_1523405633.jpg', 'public/image/IMG_15234056331.jpg', 'Hey', '30.2920403393673', '-97.7241721241252', 'Austin', '1', '2018-04-11 00:13:53'),
(49, 288, 2, 1, '0.0', '', 1080, 1080, 'public/image/IMG_1523405683.jpg', 'public/image/IMG_15234056831.jpg', '', '30.2921827617367', '-97.7241957553326', 'Austin', '1', '2018-04-11 00:14:43'),
(50, 92, 2, 1, '0.0', '', 1080, 1080, 'public/image/IMG_1523405737.jpg', 'public/image/IMG_15234057371.jpg', '', '30.292215596178', '-97.7240847101978', 'Austin', '1', '2018-04-11 00:15:37'),
(51, 402, 1, 1, '4.4', 'public/image/MAP_1523527699.jpg', 960, 1080, '', 'public/map_image/MAP_1523527699.mp4', '', '30.7233260292846', '76.8474937231064', '', '2', '2018-04-12 10:08:19'),
(52, 396, 2, 1, '0.0', '', 720, 720, 'public/image/IMG_1524633910.jpg', 'public/image/IMG_15246339101.jpg', '', '30.7235062821123', '76.8476554100186', '', '1', '2018-04-25 05:25:10'),
(53, 404, 0, 0, '0.0', '', 3264, 2448, 'public/image/IMG_1524654843.jpg', '', '', '', '', '', '1', '2018-04-25 11:14:03'),
(54, 404, 0, 0, '0.0', '', 1136, 640, 'public/image/IMG_1524654864.jpg', '', '', '', '', '', '1', '2018-04-25 11:14:24'),
(55, 404, 0, 0, '0.0', '', 3264, 2448, 'public/image/IMG_1524654878.jpg', '', '', '', '', '', '1', '2018-04-25 11:14:38'),
(56, 404, 0, 0, '0.0', '', 3264, 2448, 'public/image/IMG_1524654892.jpg', '', '', '', '', '', '1', '2018-04-25 11:14:52'),
(57, 407, 0, 0, '0.0', '', 3264, 2448, 'public/image/IMG_1524655557.jpg', '', '', '', '', '', '1', '2018-04-25 11:25:57'),
(58, 407, 0, 0, '0.0', '', 3264, 2448, 'public/image/IMG_1524655578.jpg', '', '', '', '', '', '1', '2018-04-25 11:26:18'),
(59, 407, 0, 0, '0.0', '', 1136, 640, 'public/image/IMG_1524655592.jpg', '', '', '', '', '', '1', '2018-04-25 11:26:32'),
(60, 407, 0, 0, '0.0', '', 3264, 2448, 'public/image/IMG_1524655610.jpg', '', '', '', '', '', '1', '2018-04-25 11:26:50'),
(61, 334, 0, 0, '0.0', '', 720, 720, 'public/image/IMG_1524659097.jpg', '', '', '', '', '', '1', '2018-04-25 12:24:57'),
(62, 334, 0, 0, '0.0', '', 720, 720, 'public/image/IMG_1524659104.jpg', '', '', '', '', '', '1', '2018-04-25 12:25:04'),
(63, 334, 0, 0, '0.0', '', 720, 720, 'public/image/IMG_1524659124.jpg', '', '', '', '', '', '1', '2018-04-25 12:25:24'),
(64, 334, 0, 0, '0.0', '', 720, 720, 'public/image/IMG_1524659150.jpg', '', '', '', '', '', '1', '2018-04-25 12:25:50'),
(65, 334, 0, 0, '0.0', '', 720, 720, 'public/image/IMG_1524659174.jpg', '', '', '', '', '', '1', '2018-04-25 12:26:14'),
(66, 334, 1, 1, '0.0', '', 720, 720, '', 'public/map_image/MAP_1524659181.jpg', '', '30.7236074516836', '76.8475712557108', 'Panchkula', '1', '2018-04-25 12:26:21'),
(67, 334, 1, 1, '0.0', '', 720, 720, '', 'public/map_image/MAP_1524659188.jpg', '', '30.7236074516836', '76.8475712557108', 'Panchkula', '1', '2018-04-25 12:26:28'),
(68, 334, 1, 1, '0.0', '', 720, 720, '', 'public/map_image/MAP_1524659195.jpg', '', '30.7235628180492', '76.8476261571765', 'Panchkula', '1', '2018-04-25 12:26:35'),
(69, 307, 0, 0, '0.0', '', 2002, 3000, 'public/image/IMG_1524718176.jpg', '', '', '', '', '', '1', '2018-04-26 04:49:36'),
(70, 307, 0, 0, '0.0', '', 2848, 4288, 'public/image/IMG_1524718195.jpg', '', '', '', '', '', '1', '2018-04-26 04:49:55'),
(71, 307, 2, 1, '0.0', '', 2002, 3000, 'public/image/IMG_1524718216.jpg', 'public/image/IMG_15247182161.jpg', '', '0.0', '0.0', '', '1', '2018-04-26 04:50:16'),
(72, 307, 2, 1, '0.0', '', 2002, 3000, 'public/image/IMG_1524718228.jpg', 'public/image/IMG_15247182281.jpg', '', '0.0', '0.0', '', '1', '2018-04-26 04:50:28'),
(73, 307, 0, 0, '0.0', '', 2848, 4288, 'public/image/IMG_1524719076.jpg', '', '', '', '', '', '1', '2018-04-26 05:04:36'),
(74, 334, 0, 0, '0.0', '', 720, 720, 'public/image/IMG_1524721462.jpg', '', '', '', '', '', '1', '2018-04-26 05:44:22'),
(75, 334, 0, 0, '0.0', '', 720, 720, 'public/image/IMG_1524721489.jpg', '', '', '', '', '', '1', '2018-04-26 05:44:49'),
(76, 334, 0, 0, '0.0', '', 720, 720, 'public/image/IMG_1524721775.jpg', '', '', '', '', '', '1', '2018-04-26 05:49:35'),
(77, 408, 0, 0, '0.0', '', 3264, 2448, 'public/image/IMG_1527744406.jpg', '', '', '', '', '', '1', '2018-05-31 05:26:46'),
(78, 408, 0, 0, '0.0', '', 1920, 1080, 'public/image/IMG_1527744418.jpg', '', '', '', '', '', '1', '2018-05-31 05:26:58'),
(79, 408, 0, 0, '0.0', '', 1920, 1080, 'public/image/IMG_1527744428.jpg', '', '', '', '', '', '1', '2018-05-31 05:27:08'),
(80, 410, 0, 0, '0.0', '', 464, 640, 'public/image/IMG_1527745097.jpg', '', '', '', '', '', '1', '2018-05-31 05:38:17'),
(81, 410, 0, 0, '0.0', '', 600, 800, 'public/image/IMG_1527745109.jpg', '', '', '', '', '', '1', '2018-05-31 05:38:29'),
(82, 413, 0, 0, '0.0', '', 1334, 750, 'public/image/IMG_1527745473.jpg', '', '', '', '', '', '1', '2018-05-31 05:44:33'),
(83, 413, 0, 0, '0.0', '', 640, 640, 'public/image/IMG_1527745484.jpg', '', '', '', '', '', '1', '2018-05-31 05:44:44'),
(84, 413, 0, 0, '0.0', '', 600, 800, 'public/image/IMG_1527745498.jpg', '', '', '', '', '', '1', '2018-05-31 05:44:58'),
(85, 414, 0, 0, '0.0', '', 3264, 2448, 'public/image/IMG_1527777741.jpg', '', '', '', '', '', '1', '2018-05-31 14:42:21'),
(86, 414, 0, 0, '0.0', '', 1620, 1080, 'public/image/IMG_1527777751.jpg', '', '', '', '', '', '1', '2018-05-31 14:42:31'),
(87, 414, 0, 0, '0.0', '', 1920, 1080, 'public/image/IMG_1527777772.jpg', '', '', '', '', '', '1', '2018-05-31 14:42:52'),
(88, 414, 0, 0, '0.0', '', 1334, 750, 'public/image/IMG_1527777780.jpg', '', '', '', '', '', '1', '2018-05-31 14:43:00'),
(89, 414, 0, 0, '0.0', '', 1920, 1080, 'public/image/IMG_1527828620.jpg', '', '', '', '', '', '1', '2018-06-01 04:50:20'),
(90, 414, 1, 1, '0.0', '', 4032, 3024, '', 'public/map_image/MAP_1527828650.jpg', '', '30.7235394120743', '76.8476812138269', 'Panchkula', '1', '2018-06-01 04:50:50');

-- --------------------------------------------------------

--
-- Table structure for table `tbl_postComent`
--

CREATE TABLE IF NOT EXISTS `tbl_postComent` (
  `id` int(11) NOT NULL AUTO_INCREMENT,
  `post_id` int(11) NOT NULL,
  `userId` int(11) NOT NULL,
  `comment` text NOT NULL,
  `date_created` datetime NOT NULL,
  PRIMARY KEY (`id`)
) ENGINE=InnoDB  DEFAULT CHARSET=latin1 AUTO_INCREMENT=12 ;

--
-- Dumping data for table `tbl_postComent`
--

INSERT INTO `tbl_postComent` (`id`, `post_id`, `userId`, `comment`, `date_created`) VALUES
(1, 2, 396, 'Hello ! Looking great', '2018-04-03 13:30:02'),
(2, 2, 396, 'Hello ', '2018-04-03 13:31:03'),
(3, 3, 379, 'Jhhhjh', '2018-04-09 06:33:03'),
(4, 6, 396, 'Vhhh g', '2018-04-09 07:37:28'),
(5, 18, 338, 'Nyc', '2018-04-10 05:04:03'),
(6, 18, 338, 'Work', '2018-04-10 05:04:12'),
(7, 39, 340, 'Hi', '2018-04-10 05:33:29'),
(8, 42, 364, 'Hi', '2018-04-10 06:08:30'),
(9, 43, 364, 'Hello ', '2018-04-10 06:08:41'),
(10, 8, 400, 'Statsdyxud', '2018-04-10 06:15:26'),
(11, 88, 414, 'Tetreyrctextetet', '2018-06-01 04:52:15');

-- --------------------------------------------------------

--
-- Table structure for table `tbl_postLike`
--

CREATE TABLE IF NOT EXISTS `tbl_postLike` (
  `id` int(11) NOT NULL AUTO_INCREMENT,
  `post_id` int(11) NOT NULL,
  `userId` int(11) NOT NULL,
  `status` int(11) NOT NULL COMMENT '1->like, 0->unlike',
  `date_created` datetime NOT NULL,
  PRIMARY KEY (`id`)
) ENGINE=InnoDB  DEFAULT CHARSET=latin1 AUTO_INCREMENT=33 ;

--
-- Dumping data for table `tbl_postLike`
--

INSERT INTO `tbl_postLike` (`id`, `post_id`, `userId`, `status`, `date_created`) VALUES
(1, 2, 396, 1, '2018-04-03 13:27:00'),
(2, 9, 92, 1, '2018-04-09 02:25:58'),
(3, 10, 92, 1, '2018-04-09 02:30:13'),
(4, 12, 92, 1, '2018-04-09 02:30:20'),
(5, 11, 92, 1, '2018-04-09 02:30:29'),
(6, 2, 379, 1, '2018-04-09 06:30:52'),
(7, 3, 379, 1, '2018-04-09 06:32:34'),
(8, 16, 399, 1, '2018-04-09 09:13:16'),
(9, 30, 337, 1, '2018-04-10 04:55:05'),
(10, 18, 338, 1, '2018-04-10 05:03:55'),
(11, 39, 340, 1, '2018-04-10 05:33:21'),
(12, 42, 364, 1, '2018-04-10 06:08:08'),
(13, 43, 364, 1, '2018-04-10 06:08:22'),
(14, 40, 364, 1, '2018-04-10 06:09:14'),
(15, 44, 92, 1, '2018-04-11 00:06:10'),
(16, 44, 288, 1, '2018-04-11 00:07:43'),
(17, 46, 288, 1, '2018-04-11 00:07:47'),
(18, 45, 288, 1, '2018-04-11 00:07:51'),
(19, 45, 92, 1, '2018-04-11 00:08:09'),
(20, 11, 288, 1, '2018-04-11 00:12:27'),
(21, 48, 288, 1, '2018-04-11 00:14:16'),
(22, 48, 92, 1, '2018-04-11 00:15:52'),
(23, 46, 92, 1, '2018-04-11 00:15:56'),
(24, 50, 92, 1, '2018-04-11 00:15:58'),
(25, 49, 92, 1, '2018-04-11 00:16:04'),
(26, 6, 255, 1, '2018-04-25 05:33:50'),
(27, 52, 334, 1, '2018-04-25 12:26:39'),
(28, 67, 334, 0, '2018-04-25 12:27:45'),
(29, 68, 334, 1, '2018-04-25 12:27:48'),
(30, 66, 334, 1, '2018-04-25 12:37:17'),
(31, 62, 334, 1, '2018-04-25 12:44:20'),
(32, 63, 334, 1, '2018-04-25 12:44:26');

-- --------------------------------------------------------

--
-- Table structure for table `tbl_postTag`
--

CREATE TABLE IF NOT EXISTS `tbl_postTag` (
  `id` int(11) NOT NULL AUTO_INCREMENT,
  `post_id` int(11) NOT NULL,
  `tag_id` int(11) NOT NULL,
  `date_created` datetime NOT NULL,
  PRIMARY KEY (`id`)
) ENGINE=InnoDB DEFAULT CHARSET=latin1 AUTO_INCREMENT=1 ;

-- --------------------------------------------------------

--
-- Table structure for table `tbl_users`
--

CREATE TABLE IF NOT EXISTS `tbl_users` (
  `id` int(11) NOT NULL AUTO_INCREMENT,
  `fullname` varchar(250) NOT NULL,
  `email` varchar(250) NOT NULL,
  `password` varchar(250) NOT NULL,
  `fb_id` varchar(50) NOT NULL,
  `profile_pic` varchar(50) NOT NULL,
  `bio` text NOT NULL,
  `age` int(11) NOT NULL,
  `phone` varchar(20) NOT NULL,
  `post_type` int(11) NOT NULL COMMENT '0->public , 1->private',
  `pic_type` int(11) NOT NULL COMMENT '0->unsaved , 1->saved',
  `date_created` datetime NOT NULL,
  PRIMARY KEY (`id`)
) ENGINE=InnoDB  DEFAULT CHARSET=latin1 AUTO_INCREMENT=416 ;

--
-- Dumping data for table `tbl_users`
--

INSERT INTO `tbl_users` (`id`, `fullname`, `email`, `password`, `fb_id`, `profile_pic`, `bio`, `age`, `phone`, `post_type`, `pic_type`, `date_created`) VALUES
(1, 'Rahul Sharma', 'osvinphp@gmail.com', '203ad5ffa1d7c650ad681fdff3965cd2', '', 'public/profile_pic/IMAGE_1516365067.jpg', '', 22, '9874563214', 1, 0, '2017-11-23 10:05:51'),
(2, 'Pranshu Sharma', 'pranshu@gmail.com', '4ceb063d10e73c4f85ae651176385db1', '21323424345', '', '', 24, '9874563214', 0, 0, '2017-11-23 10:40:14'),
(60, 'Hari', 'piyanshu.vashisth88@gmail.com', 'b9bd829d5d4aefccd3c731ef22b4e539', '', '', '', 18, '(553)256-6688', 0, 0, '2017-12-05 03:25:33'),
(61, 'verma1', 'verma@gmail.com', 'dda92610c7e74d0796aa9caefd8f0eaa', '', 'public/profile_pic/IMAGE_1517833823.jpg', 'Test the IOS app from the end to end functionality and assign bugs to developers. \n', 18, '(977)977-4005', 1, 0, '2017-12-05 04:47:13'),
(83, 'Tim', 'info@weplume.com', 'e10adc3949ba59abbe56e057f20f883e', '', '', '', 99, '(555)555-5555', 0, 0, '2017-12-07 04:07:52'),
(84, 'Jabari', 'piyanshu.vashistdfh88@gmail.com', 'd8578edf8458ce06fbc5bb76a58c5ca4', '', '', '', 18, '(909)890-8989', 0, 0, '2017-12-11 22:34:36'),
(92, 'timb', 'Timothybrooks189@gmail.com', 'e10adc3949ba59abbe56e057f20f883e', '', 'public/profile_pic/IMAGE_1523421516.jpg', 'Jussie JSUs djdisjdjdjd jdjdjdjskdkd djdjdkdkdkdk djdjdkdkdkdkd jdjdjdhdjdkdk djdjdhsbsjsjdj jdjdjdhxggzhdkf fifbdbdhdhdjdbd ', 26, '(555)555-5555', 0, 0, '2017-12-20 05:14:04'),
(93, 'honking', 'shah@gmail.com', 'd8578edf8458ce06fbc5bb76a58c5ca4', '', '', '', 18, '(546)434-3434', 0, 0, '2017-12-20 23:55:29'),
(101, 'plum', 'plum@gmail.com', 'dda92610c7e74d0796aa9caefd8f0eaa', '', '', '', 45, '(977)977-4005', 0, 0, '2018-01-15 10:18:29'),
(117, 'test', 'Vermaa@gmail.com', 'f19d422cbbe110d2f3c2e14fa5e9d12a', '', 'public/profile_pic/IMAGE_1516274959.jpg', 'Hello my daughter and daughter who has been in my new task and daughter is and I love her and I am so glad that you were here and she is so beautiful I am have you ever had my family ', 45, '(977)977-4005', 0, 0, '2018-01-18 10:20:36'),
(176, 'Trudy', 'hchc@gmail.con', 'af363079c3692657df26312ea97a3dd9', '', '', '', 19, '(352)525-2525', 0, 0, '2018-01-25 13:22:15'),
(218, 'time', 'pureluckesports@gmail.com', 'e10adc3949ba59abbe56e057f20f883e', '', '', '', 21, '(555)555-5555', 0, 0, '2018-01-30 17:48:57'),
(230, 'jaikumar jo ', 'fg@gmail.com', 'd8578edf8458ce06fbc5bb76a58c5ca4', '', 'public/profile_pic/IMAGE_1518179043.jpg', '', 19, '(325)235-2352', 0, 0, '2018-02-02 04:53:40'),
(231, 'any', 'anu@gmail.cm', 'dda92610c7e74d0796aa9caefd8f0eaa', '', 'public/profile_pic/IMAGE_1517979222.jpg', '', 25, '(977)977-4005', 0, 0, '2018-02-05 12:52:34'),
(232, 'Kamal singh', 'gh@gmail.com', '9b151156022bcd30afec03dfc8d73b25', '', 'public/profile_pic/IMAGE_1521437831.jpg', 'Test the IOS testing app againgbb  and report will be send to developer. ', 19, '(225)565-6656', 0, 0, '2018-02-06 06:53:44'),
(233, 'cysdycy', 'hxcycu@gmail.coj', 'd8578edf8458ce06fbc5bb76a58c5ca4', '', '', '', 19, '(252)535-53', 0, 0, '2018-02-08 13:11:22'),
(234, 'Manu', 'gege@gmail.com', 'd8578edf8458ce06fbc5bb76a58c5ca4', '', '', '', 19, '(545)464-6464', 0, 0, '2018-02-09 05:32:44'),
(235, 'ManuJi', 'sadfasdgs@gmail.comttt', 'd8578edf8458ce06fbc5bb76a58c5ca4', '', '', '', 19, '(312)423-5125', 0, 0, '2018-02-09 05:33:30'),
(236, 'manuGoel', 'fdsgfdg@gmail.com', 'd8578edf8458ce06fbc5bb76a58c5ca4', '', '', '', 19, '(124)141-2342', 0, 0, '2018-02-09 05:38:20'),
(237, 'Raman', 'sadasf@gmail.com', 'd8578edf8458ce06fbc5bb76a58c5ca4', '', '', '', 19, '(123)123-4321', 0, 0, '2018-02-09 05:39:58'),
(238, 'Ramanjihgj', 'sadasf@gmail.comdfgh', 'd8578edf8458ce06fbc5bb76a58c5ca4', '', '', '', 19, '(123)123-4321', 0, 0, '2018-02-09 05:40:18'),
(239, 'kamalsingh', 'dsfdsf@gmail.com', 'd8578edf8458ce06fbc5bb76a58c5ca4', '', 'public/profile_pic/IMAGE_1518513133.jpg', '', 19, '(324)634-6235', 0, 0, '2018-02-09 05:44:38'),
(240, 'salluBhai', 'qedsf@gmail.com', 'd8578edf8458ce06fbc5bb76a58c5ca4', '', '', '', 19, '(522)558-5696', 0, 0, '2018-02-09 06:06:06'),
(241, 'bro', 'dfdsf@gmail.com', 'ef56d54fb651d81bfd1b960151a953f6', '', '', '', 19, '(124)234-5235', 0, 0, '2018-02-09 06:11:44'),
(242, 'Holi', 'dfgh@gmail.com', 'd8578edf8458ce06fbc5bb76a58c5ca4', '', '', '', 19, '(455)488-5885', 0, 0, '2018-02-09 06:22:55'),
(243, 'wax', 'qwee@gmail.com', 'd8578edf8458ce06fbc5bb76a58c5ca4', '', '', '', 19, '(552)828-2828', 0, 0, '2018-02-09 06:24:17'),
(244, 'oBhai', 'shsh@gmail.com', 'd8578edf8458ce06fbc5bb76a58c5ca4', '', '', '', 19, '(424)242-1212', 0, 0, '2018-02-09 06:38:22'),
(245, 'gshshsh did', 'gxhx@gmail.com', 'd8578edf8458ce06fbc5bb76a58c5ca4', '', '', '', 19, '(575)767-6767', 0, 0, '2018-02-09 07:17:39'),
(246, 'fhdhd', 'tsgs@gmail.com', 'd8578edf8458ce06fbc5bb76a58c5ca4', '', '', '', 19, '(575)677-6676', 0, 0, '2018-02-09 07:18:06'),
(247, 'asfasdf', 'dasfdf@gmail.com', 'd8578edf8458ce06fbc5bb76a58c5ca4', '', '', '', 19, '(142)423-5235', 0, 0, '2018-02-09 07:38:21'),
(248, 'sdfsdfdsg', 'dssdg@gmail.com', 'd8578edf8458ce06fbc5bb76a58c5ca4', '', '', '', 19, '(234)423-5235', 0, 0, '2018-02-09 07:39:48'),
(249, 'qwerty', 'as@gmail.com', 'd8578edf8458ce06fbc5bb76a58c5ca4', '', '', '', 19, '(132)342-3523', 0, 0, '2018-02-09 09:39:51'),
(250, 'rinkesh', 'dasf@gmail.com', 'd8578edf8458ce06fbc5bb76a58c5ca4', '', '', '', 19, '(325)235-2352', 0, 0, '2018-02-09 09:42:35'),
(251, 'saw', 'add@gmail.comdj', 'd8578edf8458ce06fbc5bb76a58c5ca4', '', '', '', 19, '(324)123-4342', 0, 0, '2018-02-09 09:43:56'),
(252, 'ewe', 'day@gmail.com', 'd8578edf8458ce06fbc5bb76a58c5ca4', '', '', '', 19, '(234)325-3245', 0, 0, '2018-02-09 09:57:41'),
(253, 'sdgsdgsdg', 'sdgsd@gmail.com', 'd8578edf8458ce06fbc5bb76a58c5ca4', '', '', '', 19, '(342)352-3534', 0, 0, '2018-02-09 10:00:45'),
(254, 'Keene', 'dfggh@gmail.com', 'd8578edf8458ce06fbc5bb76a58c5ca4', '', '', '', 19, '(585)455-5666', 0, 0, '2018-02-09 12:27:07'),
(255, 'Juhi Singh ', 'fgg@gmail.com', 'd8578edf8458ce06fbc5bb76a58c5ca4', '', 'public/profile_pic/IMAGE_1524632625.jpg', 'my name is Juhi Gonzalez .I like to be like Dwayne Johnson .But I like it ', 19, '(943)545-3499', 0, 0, '2018-02-09 12:37:22'),
(256, 'shekhar chander', 'sggs@gmail.com', 'd8578edf8458ce06fbc5bb76a58c5ca4', '', 'public/profile_pic/IMAGE_1522663260.jpg', 'Updating bio', 19, '(845)464-6446', 0, 0, '2018-02-09 12:55:31'),
(257, 'cbbbn', 'ch@gm.com', 'd8578edf8458ce06fbc5bb76a58c5ca4', '', '', '', 19, '(855)566-699', 0, 0, '2018-02-09 13:30:43'),
(258, 'hshshsh', 'hdhs@gmail.com', 'd8578edf8458ce06fbc5bb76a58c5ca4', '', '', '', 19, '(849)494-9494', 0, 0, '2018-02-09 13:38:45'),
(259, 'Qasab', 'ddd@gmail.com', 'd8578edf8458ce06fbc5bb76a58c5ca4', '', '', '', 19, '(856)555-566', 0, 0, '2018-02-09 13:44:57'),
(260, 'dggg', 'fggg@gmail.com', 'd8578edf8458ce06fbc5bb76a58c5ca4', '', '', '', 19, '(555)555-5655', 0, 0, '2018-02-09 13:54:15'),
(261, 'sgahsh', 'fag@gmail.com', 'd8578edf8458ce06fbc5bb76a58c5ca4', '', '', '', 19, '(545)446-6484', 0, 0, '2018-02-09 14:02:28'),
(262, 'hello', 'gahssh@gmail.com', 'd8578edf8458ce06fbc5bb76a58c5ca4', '', '', '', 19, '(455)445-5454', 0, 0, '2018-02-09 14:03:48'),
(263, 'hellovbj', 'gahssh@gmail.comgjj', 'd8578edf8458ce06fbc5bb76a58c5ca4', '', '', '', 19, '(455)445-5454', 0, 0, '2018-02-09 14:04:05'),
(264, 'fggg', 'ff@gmail.com', 'd8578edf8458ce06fbc5bb76a58c5ca4', '', '', '', 19, '(856)555-5555', 0, 0, '2018-02-09 14:06:10'),
(265, 'qwer', 'srt@gmail.com', 'd8578edf8458ce06fbc5bb76a58c5ca4', '', 'public/profile_pic/IMAGE_1518186393.jpg', '', 19, '(756)645-663', 0, 0, '2018-02-09 14:06:41'),
(266, 'qwertyffggdnfkfj', 'rrr@gmail.com', 'd8578edf8458ce06fbc5bb76a58c5ca4', '', 'public/profile_pic/IMAGE_1518240059.jpg', '', 19, '(555)635-5555', 0, 0, '2018-02-09 14:52:15'),
(267, 'qwertyji', 'hash@gmail.com', 'd8578edf8458ce06fbc5bb76a58c5ca4', '', 'public/profile_pic/IMAGE_1518240124.jpg', '', 19, '(454)546-4676', 0, 0, '2018-02-10 05:21:47'),
(268, 'chhhjfgh', 'fg@gmail.comfh', 'd8578edf8458ce06fbc5bb76a58c5ca4', '', 'public/profile_pic/IMAGE_1518240899.jpg', 'Hhzhgvbfgghfv gufg', 19, '(885)856-666', 1, 0, '2018-02-10 05:30:35'),
(269, 'Asaram', 'qwertygss@gmail.comhj', 'd8578edf8458ce06fbc5bb76a58c5ca4', '', '', '', 19, '(544)245-5454', 0, 0, '2018-02-10 07:31:19'),
(270, 'ehh she', 'dsh@gmail.com', 'd8578edf8458ce06fbc5bb76a58c5ca4', '', 'public/profile_pic/IMAGE_1518251834.jpg', '', 19, '(545)464-6484', 0, 0, '2018-02-10 08:36:31'),
(271, 'Challa', 'era@gmail.com', 'd8578edf8458ce06fbc5bb76a58c5ca4', '', 'public/profile_pic/IMAGE_1518496095.jpg', '', 19, '(516)464-6466', 0, 0, '2018-02-13 04:26:23'),
(272, 'nano', 'nano@gmail.com', 'dda92610c7e74d0796aa9caefd8f0eaa', '', 'public/profile_pic/IMAGE_1518501358.jpg', '', 25, '(977)977-4005', 0, 0, '2018-02-13 05:48:43'),
(273, 'charusingh', 'as@gmail.comggg', 'd8578edf8458ce06fbc5bb76a58c5ca4', '', '', '', 19, '(587)678-6786', 0, 0, '2018-02-13 09:13:28'),
(274, 'mukul', 'er@gmail.com', 'd8578edf8458ce06fbc5bb76a58c5ca4', '', '', '', 19, '(212)161-5151', 0, 0, '2018-02-14 11:27:59'),
(275, 'Chandni', 'dbdh@gmail.com', 'd8578edf8458ce06fbc5bb76a58c5ca4', '', '', '', 19, '(844)646-4545', 0, 0, '2018-02-14 11:35:55'),
(276, 'Priya', 'xfg@gmail.com', 'd8578edf8458ce06fbc5bb76a58c5ca4', '', '', '', 19, '(855)663-55', 0, 0, '2018-02-14 11:48:53'),
(277, 'shubham', 'qwerty@gmail.congg', 'd8578edf8458ce06fbc5bb76a58c5ca4', '', '', '', 19, '(122)225-5585', 0, 0, '2018-02-14 11:49:38'),
(278, 'Monty', 'df@gmail.com', 'd8578edf8458ce06fbc5bb76a58c5ca4', '', 'public/profile_pic/IMAGE_1519803675.jpg', 'My name is aishwaryah B.B. gag gv go y to go home to get my car and go to union square I just got home and Im don and I will be home ', 19, '(555)858-855', 0, 0, '2018-02-14 11:59:51'),
(279, 'neha', 'shhd@gmail.com', 'd8578edf8458ce06fbc5bb76a58c5ca4', '', '', '', 19, '(544)554-5454', 0, 0, '2018-02-14 12:01:15'),
(280, 'Chanchal', 'hsh@gmail.com', 'd8578edf8458ce06fbc5bb76a58c5ca4', '', '', '', 19, '(646)465-655', 0, 0, '2018-02-14 13:25:44'),
(281, 'Chetak', 'tyy@gmail.com', 'd8578edf8458ce06fbc5bb76a58c5ca4', '', '', '', 19, '(556)655', 0, 0, '2018-02-15 11:30:41'),
(282, 'Bajaj', 'dfg@gmail.com', 'd8578edf8458ce06fbc5bb76a58c5ca4', '', '', '', 19, '(454)535-4353', 0, 0, '2018-02-15 11:31:43'),
(283, 'golu', 'dhdh@gmail.com', 'd8578edf8458ce06fbc5bb76a58c5ca4', '', '', '', 19, '(848)484-84', 0, 0, '2018-02-15 11:45:05'),
(284, 'Lalu', 'hddh@gmail.com', 'd8578edf8458ce06fbc5bb76a58c5ca4', '', '', '', 19, '(426)565-6455', 0, 0, '2018-02-15 13:51:18'),
(285, 'Kirti', 'gshs@gmail.com', 'd8578edf8458ce06fbc5bb76a58c5ca4', '', '', '', 19, '(464)646-645', 0, 0, '2018-02-15 13:52:19'),
(286, 'rahatji', 'shhd@gmail.comhdjd', 'd8578edf8458ce06fbc5bb76a58c5ca4', '', '', '', 19, '(544)646-4656', 0, 0, '2018-02-16 07:57:48'),
(287, 'Meena', 'sf@gmail.com', 'd8578edf8458ce06fbc5bb76a58c5ca4', '', '', '', 19, '(525)556-633', 0, 0, '2018-02-16 09:06:24'),
(288, 'TVL', 'tvloftus@gmail.com', 'c98e11f0c65603d7b50ca96d972e1176', '', 'public/profile_pic/IMAGE_1523405604.jpg', 'Hi everyone ', 25, '(630)903-7176', 0, 0, '2018-02-16 18:25:38'),
(289, 'Manikj', 'dhdh@gmail.comcic', 'd8578edf8458ce06fbc5bb76a58c5ca4', '', '', '', 19, '(849)449-595', 0, 0, '2018-02-19 06:32:30'),
(290, 'vdbbdjsjs', 'gsh@gmail.com', 'd8578edf8458ce06fbc5bb76a58c5ca4', '', 'public/profile_pic/IMAGE_1519026381.jpg', '', 19, '(212)461-6166', 0, 0, '2018-02-19 07:45:30'),
(291, 'jivan', 'harsh@gmail.com', '743449ac4d44245ab52006cda377c6e5', '', 'public/profile_pic/IMAGE_1519043722.jpg', 'Hello all', 25, '(977)977-4005', 0, 0, '2018-02-19 11:52:11'),
(292, 'Vijjuuu', 'aman@gmail.com', '743449ac4d44245ab52006cda377c6e5', '', 'public/profile_pic/IMAGE_1519042315.jpg', 'Test the IOS application', 55, '(977)977-4000', 1, 0, '2018-02-19 11:52:47'),
(293, 'dhoni', 'dhoni@gmail.com', '743449ac4d44245ab52006cda377c6e5', '', 'public/profile_pic/IMAGE_1519118557.jpg', 'Hello my friend is a daughter and I am not going home to get my even going to work ', 25, '(977)977-4005', 1, 0, '2018-02-20 09:18:04'),
(294, 'rahul', 'rahul@gmail.com', '743449ac4d44245ab52006cda377c6e5', '', 'public/profile_pic/IMAGE_1519118559.jpg', 'Test the app from top to end ', 25, '(977)977-4000', 1, 0, '2018-02-20 09:19:54'),
(295, 'end', 'end@gmail.com', '743449ac4d44245ab52006cda377c6e5', '', 'public/profile_pic/IMAGE_1519367841.jpg', '', 25, '(977)977-4005', 0, 0, '2018-02-23 06:32:12'),
(296, 'high', 'high@gmail.com', '743449ac4d44245ab52006cda377c6e5', '', 'public/profile_pic/IMAGE_1519367659.jpg', 'Test the app from start to end', 20, '(977)977-4005', 0, 0, '2018-02-23 06:32:54'),
(297, 'user1', 'user@gmail.com', '743449ac4d44245ab52006cda377c6e5', '', 'public/profile_pic/IMAGE_1519380548.jpg', 'User 1 added iOS app', 30, '(977)977-4005', 1, 0, '2018-02-23 06:42:35'),
(298, 'user 2', 'user2@gmail.com', '743449ac4d44245ab52006cda377c6e5', '', 'public/profile_pic/IMAGE_1519368324.jpg', 'User 2 added', 45, '(977)977-4008', 0, 0, '2018-02-23 06:44:58'),
(299, 'Chanderpaul', 'fgh@gmail.com', 'd8578edf8458ce06fbc5bb76a58c5ca4', '', '', '', 19, '(555)555-5666', 0, 0, '2018-02-23 11:59:08'),
(300, 'zany', 'add@gmail.com', 'd8578edf8458ce06fbc5bb76a58c5ca4', '', '', '', 21, '(312)432-4235', 0, 0, '2018-02-23 13:10:27'),
(301, 'Jatin', 'bsj@gmail.com', 'db95500f9b05c20578fc55141bb6ab3f', '', '', '', 19, '(546)464-64', 0, 0, '2018-02-27 06:16:26'),
(302, 'sumit', 'hsjs@gmail.com', 'd8578edf8458ce06fbc5bb76a58c5ca4', '', '', '', 19, '(846)464-6444', 0, 0, '2018-02-27 07:12:25'),
(303, 'chan', 'hshs@gmail.com', 'd8578edf8458ce06fbc5bb76a58c5ca4', '', '', '', 19, '(198)494-9494', 0, 0, '2018-02-27 07:23:04'),
(304, 'Kaka', 'dgg@gmail.com', 'd8578edf8458ce06fbc5bb76a58c5ca4', '', 'public/profile_pic/IMAGE_1519717098.jpg', '', 19, '(565)555-66', 0, 0, '2018-02-27 07:37:31'),
(305, 'chart', 'fgh@gmail.comfhh', 'd8578edf8458ce06fbc5bb76a58c5ca4', '', '', '', 19, '(525)555-55', 0, 0, '2018-02-28 12:02:14'),
(306, 'Nonij', 'dgg@gmail.comc', 'd8578edf8458ce06fbc5bb76a58c5ca4', '', '', '', 19, '(785)555-555', 0, 0, '2018-03-01 09:36:57'),
(307, 'Mohanty', 'fgg@gmail.comccv', '6dbd0fe19c9a301c4708287780df41a2', '', 'public/profile_pic/IMAGE_1520316607.jpg', '', 19, '(545)464-6465', 0, 0, '2018-03-05 10:36:07'),
(308, 'Kataria', 'hdhd@gmail.com', 'd8578edf8458ce06fbc5bb76a58c5ca4', '', '', '', 19, '(455)454-5555', 0, 0, '2018-03-05 12:24:18'),
(309, 'rubina', 'hehd@gmail.comkhg', '827ccb0eea8a706c4c34a16891f84e7b', '', 'public/profile_pic/IMAGE_1521606936.jpg', '', 19, '(845)454-5454', 0, 0, '2018-03-05 12:24:56'),
(310, 'Jamir', 'hdh@gmail.comfyf', 'd8578edf8458ce06fbc5bb76a58c5ca4', '', '', '', 19, '(454)545-55', 0, 0, '2018-03-05 13:18:36'),
(311, 'Adar', 'hddh@gmail.combdhd', 'd8578edf8458ce06fbc5bb76a58c5ca4', '', '', '', 19, '(545)454-5454', 0, 0, '2018-03-05 13:19:36'),
(312, 'jaws hat', 'dfg@gmail.cijhg', 'd8578edf8458ce06fbc5bb76a58c5ca4', '', '', '', 19, '(455)586-666', 0, 0, '2018-03-05 13:41:08'),
(313, 'fhhh', 'thh@gmail.com', 'd8578edf8458ce06fbc5bb76a58c5ca4', '', '', '', 19, '(455)666-666', 0, 0, '2018-03-05 13:41:55'),
(314, 'Kumasiji', 'dgg@gmail.comty', 'd8578edf8458ce06fbc5bb76a58c5ca4', '', '', '', 19, '(556)669-6955', 0, 0, '2018-03-06 06:35:02'),
(315, 'Jawaliho', 'fg@gmail.comgh', 'd8578edf8458ce06fbc5bb76a58c5ca4', '', '', '', 19, '(555)666-666', 0, 0, '2018-03-06 06:37:00'),
(316, 'lovika', 'chh@gmail.com', 'd8578edf8458ce06fbc5bb76a58c5ca4', '', 'public/profile_pic/IMAGE_1520492135.jpg', '', 19, '(885)555-55', 0, 0, '2018-03-06 15:04:43'),
(317, 'Shyama', 'fg@gmail.comvh', 'd8578edf8458ce06fbc5bb76a58c5ca4', '', '', '', 19, '(555)556-6333', 0, 0, '2018-03-14 08:01:44'),
(318, 'gauri', 'dff@gmail.com', 'd8578edf8458ce06fbc5bb76a58c5ca4', '', '', '', 19, '(555)555-556', 0, 0, '2018-03-14 08:02:21'),
(319, 'sunder', 'cgg@gmail.comj', 'd8578edf8458ce06fbc5bb76a58c5ca4', '', 'public/profile_pic/IMAGE_1521032060.jpg', '', 19, '(522)556-3555', 0, 0, '2018-03-14 09:17:03'),
(320, 'Jitesh', 'dhhdhdi@gmail.com', 'd8578edf8458ce06fbc5bb76a58c5ca4', '', '', '', 19, '(424)646-4656', 0, 0, '2018-03-16 07:34:49'),
(321, 'phage', 'h@gmail.com', 'e10adc3949ba59abbe56e057f20f883e', '', '', '', 18, '(903)444-9032', 0, 0, '2018-03-16 07:41:04'),
(322, 'yooo', 'yo@gmail.com', 'e10adc3949ba59abbe56e057f20f883e', '', '', '', 20, '(903)444-6032', 0, 0, '2018-03-16 09:10:21'),
(323, 'hatch ', 'ffgghjrfcsuhdr@gmail.com', 'd8578edf8458ce06fbc5bb76a58c5ca4', '', '', '', 19, '(546)464-6466', 0, 0, '2018-03-16 09:19:05'),
(324, 'hdhdhd', 'bshs@gmail.com', 'd8578edf8458ce06fbc5bb76a58c5ca4', '', '', '', 19, '(551)545-1552', 0, 0, '2018-03-16 14:01:59'),
(325, 'hdhdh', 'gdhd@gmail.com', '2465d29bd3248d11e12df85ddda19415', '', '', '', 20, '(545)454-5445', 0, 0, '2018-03-16 14:13:03'),
(326, 'djdjdjdjd', 'dhhd@gmail.com', 'd8578edf8458ce06fbc5bb76a58c5ca4', '', '', '', 19, '(424)646-6456', 0, 0, '2018-03-16 14:14:56'),
(327, 'Mandeep ', 'm@gmail.com', 'e10adc3949ba59abbe56e057f20f883e', '', '', '', 28, '(983)444-9032', 0, 0, '2018-03-16 14:23:22'),
(328, 'kati', 'kati@gmail.com', 'e10adc3949ba59abbe56e057f20f883e', '', '', '', 28, '(903)444-6032', 0, 0, '2018-03-16 14:30:18'),
(329, 'Anil', 'a@gmail.com', 'd8578edf8458ce06fbc5bb76a58c5ca4', '', '', '', 25, '(123)456-7890', 0, 0, '2018-03-16 14:39:21'),
(330, 'tapi', 'fsgs@gmail.com', 'd8578edf8458ce06fbc5bb76a58c5ca4', '', '', '', 19, '(516)446-6461', 0, 0, '2018-03-16 14:55:31'),
(331, 'ravat', 'egge@gmail.com', 'd8578edf8458ce06fbc5bb76a58c5ca4', '', '', '', 19, '(815)454-5454', 0, 0, '2018-03-16 15:08:01'),
(332, 'sugar', 'ffdfg@gmail.com', 'd8578edf8458ce06fbc5bb76a58c5ca4', '', 'public/profile_pic/IMAGE_1521269481.jpg', '', 19, '(556)696-6666', 0, 0, '2018-03-17 06:49:20'),
(333, 'yeah ', 'fghjkhhk@gmail.com', 'd8578edf8458ce06fbc5bb76a58c5ca4', '', '', '', 19, '(225)599-966', 0, 0, '2018-03-17 06:50:56'),
(334, 'Singham', 'ccgv@gmail.com', 'd8578edf8458ce06fbc5bb76a58c5ca4', '', 'public/profile_pic/IMAGE_1521466857.jpg', '', 19, '(888)556-6666', 0, 0, '2018-03-17 07:05:15'),
(335, 'many', 'dfg@gmaillgf.com', 'd8578edf8458ce06fbc5bb76a58c5ca4', '', 'public/profile_pic/IMAGE_1521466997.jpg', '', 19, '(555)655-5555', 0, 0, '2018-03-17 07:07:00'),
(336, 'Rajat Verma', 'rajat.debut2@gmail.com', 'd41d8cd98f00b204e9800998ecf8427e', '508003289582686', '', '', 0, '', 0, 0, '2018-03-19 05:57:14'),
(337, 'Test01', 'test01@gmail.com', '0e698a8ffc1a0af622c7b4db3cb750cc', '', 'public/profile_pic/IMAGE_1523335981.jpg', 'Hiiii hiiii hiiii hiiii hiiii hiiii hiiii hiiii hiiii hiiii hiiii ', 13, '(009)988-7765', 0, 0, '2018-03-19 06:23:01'),
(338, 'Test02', 'test02@gmail.com', '4d5e2a885578299e5a5902ad295447c6', '', 'public/profile_pic/IMAGE_1521445766.jpg', '', 13, '(999)999-9999', 0, 0, '2018-03-19 06:51:51'),
(339, 'khushi', 'aassafjajfljljjjjl@gmail.com', 'd8578edf8458ce06fbc5bb76a58c5ca4', '', '', '', 21, '(234)632-8468', 0, 0, '2018-03-19 07:44:08'),
(340, 'Test03', 'test03@gmail.com', '0a291f120e0dc2e51ad32a9303d50cac', '', 'public/profile_pic/IMAGE_1521449427.jpg', '', 21, '(123)456-7890', 0, 0, '2018-03-19 07:55:03'),
(341, 'Tinku', 'fagsh@gmail.com', 'd8578edf8458ce06fbc5bb76a58c5ca4', '', '', '', 19, '(451)551-1515', 0, 0, '2018-03-19 13:49:08'),
(342, 'ruby', 'ghhhj@gmail.comhshs', 'd8578edf8458ce06fbc5bb76a58c5ca4', '', '', '', 19, '(246)161-6464', 0, 0, '2018-03-20 04:23:19'),
(343, 'Kumar', 'dfghh@gmail.con', 'd8578edf8458ce06fbc5bb76a58c5ca4', '', '', '', 19, '(282)838-3828', 0, 0, '2018-03-20 04:59:17'),
(344, 'Suman', 'sfg@gmail.com', '827ccb0eea8a706c4c34a16891f84e7b', '', 'public/profile_pic/IMAGE_1521522089.jpg', '', 19, '(566)555-5885', 0, 0, '2018-03-20 05:00:49'),
(345, 'sajan', 'fghhg@gmail.con', 'd8578edf8458ce06fbc5bb76a58c5ca4', '', 'public/profile_pic/IMAGE_1521522122.jpg', '', 19, '(555)566-6666', 0, 0, '2018-03-20 05:01:05'),
(346, 'shami', 'fhgfvb@gmsil.cing', 'd8578edf8458ce06fbc5bb76a58c5ca4', '', '', '', 19, '(239)556-6633', 0, 0, '2018-03-20 05:23:27'),
(347, 'guru', 'bdjdj@gmail.comh', 'd8578edf8458ce06fbc5bb76a58c5ca4', '', '', '', 19, '(496)446-6556', 0, 0, '2018-03-20 05:42:29'),
(348, 'knnu', 'faga@gmail.com', 'd8578edf8458ce06fbc5bb76a58c5ca4', '', '', '', 49, '(878)767-6764', 0, 0, '2018-03-20 09:52:27'),
(349, 'chhhh', 'rggg@gmail.com', 'd8578edf8458ce06fbc5bb76a58c5ca4', '', '', '', 19, '(559)996-6555', 0, 0, '2018-03-21 04:24:59'),
(350, 'Phoenix Est Ne', 'osvin.ios1@gmail.com', 'd41d8cd98f00b204e9800998ecf8427e', '454422231619159', 'public/profile_pic/IMAGE_1521608268.jpg', '', 0, '', 0, 0, '2018-03-21 04:57:02'),
(351, 'Baji', 'wrf@gmail.com', 'd8578edf8458ce06fbc5bb76a58c5ca4', '', '', '', 19, '(556)685-5588', 0, 0, '2018-03-21 05:06:11'),
(352, 'Sandhu', 'dfggg@gmail.com', 'd8578edf8458ce06fbc5bb76a58c5ca4', '', '', '', 19, '(885)666-3335', 0, 0, '2018-03-21 05:28:08'),
(353, 'Sunil', 'dffg@gmail.com', '6dbd0fe19c9a301c4708287780df41a2', '', '', '', 19, '(556)888-6552', 0, 0, '2018-03-21 06:28:33'),
(354, 'sweetly', 'rtjjhh@gmail.com', 'd8578edf8458ce06fbc5bb76a58c5ca4', '', '', '', 19, '(886)669-8556', 0, 0, '2018-03-21 07:27:52'),
(355, 'Bala', 'rtf@gmail.com', 'd8578edf8458ce06fbc5bb76a58c5ca4', '', '', '', 19, '(555)555-5563', 0, 0, '2018-03-21 09:13:35'),
(356, 'China', 'fsgsh@gmail.com', 'd8578edf8458ce06fbc5bb76a58c5ca4', '', '', '', 19, '(546)464-6464', 0, 0, '2018-03-21 09:16:22'),
(357, 'hands', 'fghhhdylsotsgfu@gmail.com', 'd8578edf8458ce06fbc5bb76a58c5ca4', '', '', '', 19, '(624)624-3462', 0, 0, '2018-03-21 09:21:43'),
(358, 'supari', 'dfgg@gmail.com', 'd8578edf8458ce06fbc5bb76a58c5ca4', '', 'public/profile_pic/IMAGE_1521624995.jpg', '', 19, '(556)658-9666', 0, 0, '2018-03-21 09:23:25'),
(359, 'Qatar', 'fggg@gmail.cimfg', 'd8578edf8458ce06fbc5bb76a58c5ca4', '', '', '', 19, '(555)555-5522', 0, 0, '2018-03-21 09:44:33'),
(360, 'Kim', 'rffg@gmail.com', 'd8578edf8458ce06fbc5bb76a58c5ca4', '', '', '', 19, '(555)555-5', 0, 0, '2018-03-21 09:45:09'),
(361, 'chmkila', 'rtggg@gmail.com', 'd8578edf8458ce06fbc5bb76a58c5ca4', '', '', '', 19, '(551)646-4664', 0, 0, '2018-03-21 09:58:06'),
(362, 'Gil', 'fghghohivwww@gmail.con', 'd8578edf8458ce06fbc5bb76a58c5ca4', '', '', '', 19, '(624)642-5265', 0, 0, '2018-03-21 10:10:56'),
(363, 'Rajni', 'ricicu@gmail.com', 'd8578edf8458ce06fbc5bb76a58c5ca4', '', '', '', 19, '(386)838-3838', 0, 0, '2018-03-21 10:12:22'),
(364, 'test04', 'test04@gmail.com', 'dff092fd096eb595ad5f4c4fbf8b8f2f', '', 'public/profile_pic/IMAGE_1523340073.jpg', 'Hi', 22, '(012)345-6789', 0, 0, '2018-03-21 10:54:04'),
(365, 'test05', 'test05@gmail.com', '11c9efa639a13c650cc4ccf081500383', '', '', '', 24, '(001)122-3344', 0, 0, '2018-03-21 11:11:44'),
(366, 'tliii', 'sfff@gmail.com', '6dbd0fe19c9a301c4708287780df41a2', '', '', '', 19, '(556)666-6666', 0, 0, '2018-03-21 11:45:36'),
(367, 'Faso', 'fhhhh@gmail.com', 'd8578edf8458ce06fbc5bb76a58c5ca4', '', '', '', 19, '(556)666-6666', 0, 0, '2018-03-21 12:05:39'),
(368, 'hey', 'ffgg@gmail.congghf', '0b9c54ee76588cba4f52093d86f8f070', '', '', '', 19, '(856)633-3258', 0, 0, '2018-03-21 12:19:40'),
(369, 'Sunni', 'dgdgrd@gmail.com', 'd8578edf8458ce06fbc5bb76a58c5ca4', '', '', '', 19, '(764)674-6464', 0, 0, '2018-03-21 13:52:21'),
(370, 'Sabahe', 'gsgsh@gmail.xomshdhdh', '6ccf93b3d9c28d7bd0989e3f08a42958', '', '', '', 19, '(848)484-4846', 0, 0, '2018-03-22 04:23:17'),
(371, 'Dady', 'fgghw@gmail.com', 'd8578edf8458ce06fbc5bb76a58c5ca4', '', '', '', 19, '(556)646-5656', 0, 0, '2018-03-22 05:11:39'),
(372, 'Gun', 'dhfv@gmail.com', 'd8578edf8458ce06fbc5bb76a58c5ca4', '', '', '', 19, '(238)642-3645', 0, 0, '2018-03-22 09:39:02'),
(373, 'iOS', 'sdfdf@gmail.com', 'd8578edf8458ce06fbc5bb76a58c5ca4', '', '', '', 19, '(141)414-2342', 0, 0, '2018-03-22 10:13:57'),
(374, 'humma', 'fgjgjjkjjj@gmail.com', 'd8578edf8458ce06fbc5bb76a58c5ca4', '', '', '', 19, '(124)235-3454', 0, 0, '2018-03-22 10:43:29'),
(375, 'ewdhkhas', 'sad@gmail.com', 'd8578edf8458ce06fbc5bb76a58c5ca4', '', 'public/profile_pic/IMAGE_1524631960.jpg', 'My name is Bob.Everyone loves me.I feel special for myself .Thanks to god ', 19, '(243)235-4326', 0, 0, '2018-03-23 06:15:19'),
(376, 'Danna', 'hzzjdjgggghhh@gmail.com', 'd8578edf8458ce06fbc5bb76a58c5ca4', '', '', '', 19, '(484)884-8448', 0, 0, '2018-03-23 06:34:28'),
(377, 'jattri', 'ggh@Gmail.com', 'd8578edf8458ce06fbc5bb76a58c5ca4', '', '', '', 19, '(212)121-5151', 0, 0, '2018-03-23 07:21:35'),
(378, 'Khatri', 'was@Gmail.com', 'd8578edf8458ce06fbc5bb76a58c5ca4', '', '', '', 19, '(555)585-5555', 0, 0, '2018-03-23 07:23:08'),
(379, 'case', 'yfyfyf@gmail.com', '6dbd0fe19c9a301c4708287780df41a2', '', 'public/profile_pic/IMAGE_1522740096.jpg', '', 19, '(225)556-6666', 0, 0, '2018-03-23 12:35:59'),
(380, 'zulmi', 'tctcy@gmail.com', 'd8578edf8458ce06fbc5bb76a58c5ca4', '', '', '', 19, '(282)828-3825', 0, 0, '2018-03-23 12:37:49'),
(381, 'wfwfwfwfwf', 'afasf@gmail.com', 'd8578edf8458ce06fbc5bb76a58c5ca4', '', '', '', 21, '(756)745-6546', 0, 0, '2018-03-28 09:19:15'),
(382, 'rrrr11144', 'dfff@gmail.com', 'd8578edf8458ce06fbc5bb76a58c5ca4', '', '', '', 19, '(553)335-5233', 0, 0, '2018-03-28 09:35:58'),
(383, 'sun', 'dfddddfffhvgg@gmail.com', 'd8578edf8458ce06fbc5bb76a58c5ca4', '', '', '', 21, '(455)556-6666', 0, 0, '2018-03-28 09:42:20'),
(384, 'Juhi Singh Duplicate', 'hhh@gmail.com', 'd8578edf8458ce06fbc5bb76a58c5ca4', '', 'public/profile_pic/IMAGE_1522654959.jpg', 'My name is ', 21, '(346)634-6653', 0, 0, '2018-04-02 06:57:14'),
(385, 'hhh', 'gags@gmail.com', 'd8578edf8458ce06fbc5bb76a58c5ca4', '', '', '', 21, '(845)445-4656', 0, 0, '2018-04-02 07:53:24'),
(386, 'gart', 'hhhhgggh@gmail.com', 'd8578edf8458ce06fbc5bb76a58c5ca4', '', '', '', 19, '(556)666-663', 0, 0, '2018-04-02 08:54:54'),
(387, 'Sargon', 'pppp8@gmail.com', 'd8578edf8458ce06fbc5bb76a58c5ca4', '', '', '', 19, '(888)566-3655', 0, 0, '2018-04-02 09:27:23'),
(388, 'Judwaa', 'gghuu@gmail.com', 'd8578edf8458ce06fbc5bb76a58c5ca4', '', '', '', 19, '(556)655-5225', 0, 0, '2018-04-02 09:34:26'),
(389, 'Judwaa2', 'gghuu2@gmail.com', 'd8578edf8458ce06fbc5bb76a58c5ca4', '', '', '', 19, '(556)655-5225', 0, 0, '2018-04-02 09:34:26'),
(390, 'rusty', 'gtty5gg@gmail.com', 'd8578edf8458ce06fbc5bb76a58c5ca4', '', '', '', 19, '(555)555-5255', 0, 0, '2018-04-02 12:09:12'),
(391, 'Joseph', 'joseph@gmail.com', 'd8578edf8458ce06fbc5bb76a58c5ca4', '', 'public/profile_pic/IMAGE_1522737970.jpg', 'Joseph is a talented architect ', 28, '(903)444-6032', 0, 0, '2018-04-03 06:43:25'),
(392, 'shawat', 'yy@gmail.com', 'd8578edf8458ce06fbc5bb76a58c5ca4', '', '', '', 21, '(556)253-3365', 0, 0, '2018-04-03 08:49:04'),
(393, 'cases I', 'hh5@Gmail.com', 'd8578edf8458ce06fbc5bb76a58c5ca4', '', '', '', 21, '(536)652-2266', 0, 0, '2018-04-03 08:55:09'),
(394, 'jaz10', 'jaspreetjattboy@gmail.com', 'e10adc3949ba59abbe56e057f20f883e', '', 'public/profile_pic/IMAGE_1522749224.jpg', '', 25, '(988)888-7136', 0, 0, '2018-04-03 09:51:57'),
(395, 'vhbhhhh', 'hhlhh@gmail.com', 'd8578edf8458ce06fbc5bb76a58c5ca4', '', '', '', 19, '(844)884-9498', 0, 0, '2018-04-03 10:24:05'),
(396, 'kelvin', 'fffghh5@gmail.com', 'd8578edf8458ce06fbc5bb76a58c5ca4', '', 'public/profile_pic/IMAGE_1522762286.jpg', '', 21, '(324)324-2342', 0, 0, '2018-04-03 12:59:11'),
(397, 'Michael', 'rr@gmail.com', 'd8578edf8458ce06fbc5bb76a58c5ca4', '', '', '', 19, '(556)555-5666', 0, 0, '2018-04-09 04:43:44'),
(398, 'bob', 'juu@gmail.com', 'd8578edf8458ce06fbc5bb76a58c5ca4', '', 'public/profile_pic/IMAGE_1524631676.jpg', 'My name is Bob,I am sophisticated .I like to go to gym .Just do it .', 19, '(555)566-6665', 0, 0, '2018-04-09 05:51:15'),
(399, 'Harley', 'gggggty@gmail.com', 'd8578edf8458ce06fbc5bb76a58c5ca4', '', '', '', 21, '(855)669-8855', 0, 0, '2018-04-09 09:12:57'),
(400, 'Osvin AmanAttri', 'osvinandroid@gmail.com', 'd41d8cd98f00b204e9800998ecf8427e', '1984721215108599', '', '', 0, '', 0, 0, '2018-04-10 06:13:00'),
(401, 'Test11', 'test11@gmail.com', 'f696282aa4cd4f614aa995190cf442fe', '', '', '', 15, '(000)000-0000', 0, 0, '2018-04-10 06:24:07'),
(402, 'djdjjd us', 'dhdjdj@gmail.comsb', 'd8578edf8458ce06fbc5bb76a58c5ca4', '', '', '', 49, '(785)757-6468', 0, 0, '2018-04-12 10:07:41'),
(403, 'Plume', 'tessaloftus12@gmail.con', 'b023a66f9d7cc1b732ca87fb21e3422f', '', 'public/profile_pic/IMAGE_1523553367.jpg', '', 25, '(630)903-7176', 0, 0, '2018-04-12 17:07:53'),
(404, 'hedy', 'gh15@gmail.com', 'd8578edf8458ce06fbc5bb76a58c5ca4', '', '', '', 21, '(847)676-7676', 0, 0, '2018-04-25 11:12:57'),
(405, 'Chris', 'ppo12@gmail.com', 'd8578edf8458ce06fbc5bb76a58c5ca4', '', '', '', 21, '(638)683-8383', 0, 0, '2018-04-25 11:13:42'),
(406, 'Harley WY', 'gh10@gmail.comh', 'd8578edf8458ce06fbc5bb76a58c5ca4', '', '', '', 21, '(886)655-5555', 0, 0, '2018-04-25 11:23:59'),
(407, 'Kevin', 'hjk45@gmail.com', 'd8578edf8458ce06fbc5bb76a58c5ca4', '', '', '', 21, '(283)838-6838', 0, 0, '2018-04-25 11:25:40'),
(408, 'Ganguly', 'ggghjkl@gmail.com', 'd8578edf8458ce06fbc5bb76a58c5ca4', '', '', '', 55, '(585)858-5858', 0, 0, '2018-05-31 05:25:19'),
(409, 'Sachin', 'gghh@gmail.com', 'd8578edf8458ce06fbc5bb76a58c5ca4', '', '', '', 38, '(838)383-8383', 0, 0, '2018-05-31 05:26:20'),
(410, 'jazzy', 'hhhjkklllkjg121@gmail.com', 'd8578edf8458ce06fbc5bb76a58c5ca4', '', '', '', 38, '(568)869-6969', 0, 0, '2018-05-31 05:35:01'),
(411, 'Sufi', 'gggh@gmail.com', 'd8578edf8458ce06fbc5bb76a58c5ca4', '', '', '', 38, '(838)383-8383', 0, 0, '2018-05-31 05:37:58'),
(412, 'file', 'file@gmail.com', 'd8578edf8458ce06fbc5bb76a58c5ca4', '', '', '', 28, '(683)838-3836', 0, 0, '2018-05-31 05:43:06'),
(413, 'college', 'gfff@gmail.com', 'd8578edf8458ce06fbc5bb76a58c5ca4', '', '', '', 78, '(475)865-8658', 0, 0, '2018-05-31 05:44:16'),
(414, 'am', 'am@gmail.com', 'd8578edf8458ce06fbc5bb76a58c5ca4', '', '', '', 45, '(576)786-6', 0, 0, '2018-05-31 14:41:29'),
(415, 'pm', 'pm@gmail.com', 'd8578edf8458ce06fbc5bb76a58c5ca4', '', '', '', 38, '(386)838-383', 0, 0, '2018-05-31 14:41:58');

/*!40101 SET CHARACTER_SET_CLIENT=@OLD_CHARACTER_SET_CLIENT */;
/*!40101 SET CHARACTER_SET_RESULTS=@OLD_CHARACTER_SET_RESULTS */;
/*!40101 SET COLLATION_CONNECTION=@OLD_COLLATION_CONNECTION */;
